Partei,lfdnr,familienname,vorname,titel,Geb.,Beruf,PLZ,ORT,LPL,RPL
NEOS,1,Strolz,Matthias,Mag. Dr.,1973,Abgeordneter zum Nationalrat,1230,Wien,\N,\N
NEOS,2,Griss,Irmgard,Dr.,1946,Juristin,1010,Wien,6,6A
NEOS,3,Meinl-Reisinger,Beate,"Mag., MES",1978,Juristin,1090,Wien,9,9G
NEOS,4,Loacker,Gerald,Mag.,1973,Jurist,6850,Dornbirn,8,8A
NEOS,5,Schellhorn,Josef,\N,1967,Unternehmer,5622,Goldegg,5,5C
NEOS,6,Gamon,Claudia,\N,1988,Abgeordnete zum Nationalrat,1200,Wien,9,9D
NEOS,7,Hoyos-Trauttmansdorff,Douglas,\N,1990,Angestellter,3564,Plank am Kamp,3,3B
NEOS,8,Bernhard,Michael,\N,1981,Unternehmer,1090,Wien,9,9B
NEOS,9,Doppelbauer,Karin,Dipl.-Ing.,1975,Angestellte,1070,Wien,4,4C
NEOS,10,Hager-Hämmerle,Doris,Mag.,1970,Geschäftsführerin,6952,Hittisau,8,8A
NEOS,11,Margreiter,Johannes,Dr.,1958,Rechtsanwalt,6060,Hall,7,7B
NEOS,12,Raab,Judith,"Mag., MBA",1968,Accountmanagerin,4060,Leonding,4,4A
NEOS,13,Krisper,Stephanie,Dr.,1980,Wissenschaftliche Mitarbeiterin,1020,Wien,9,9C
NEOS,14,Haselmayer,Christoph,\N,1982,Unternehmer,1080,Wien,2,2A
NEOS,15,Scherak,Nikolaus,Dr.,1986,Abgeordneter zum Nationalrat,2522,Oberwaltersdorf,3,3F
NEOS,16,Lerchner,Lukas,\N,1986,Angestellter,8010,Graz,6,6A
NEOS,17,Oberhofer,Dominik,\N,1980,Hotelier,6165,Telfes im Stubai,7,\N
NEOS,18,Madler,Thomas,\N,1982,Angestellter,4481,Asten,4,4A
NEOS,19,Dorn,Sabrina,Dr.,1984,Unternehmer,6060,Hall in Tirol,7,7B
NEOS,20,Zotti,Stefan,Dr.,1976,Geschäftsführer,1160,Wien,9,9A
NEOS,21,Swatek,Niko,BSc,1991,Student,8041,Graz,6,6A
NEOS,22,Amon-Konrath,Cornelia,Mag.,1980,Bundesbedienstete,1170,Wien,1,1B
NEOS,23,Arlamovsky,Karl-Arthur,MMag. Dr.,1972,Rechtsanwalt,1190,Wien,9,9F
NEOS,24,Eypeltauer,Felix,Mag.,1992,Jurist,4020,Linz,4,4A
NEOS,25,Seidl,Julia,Mag.,1981,Unternehmerin,6020,Innsbruck,7,7A
NEOS,26,Leitgeb,Andreas,\N,1962,Polizeibeamter,6142,Mieders,7,7B
NEOS,27,Bitschnau,Christian,BA MA,1991,Angestellter,6800,Feldkirch,8,8B
NEOS,28,Alkan,Engin,\N,1975,Selbstständig,1100,Wien,9,9D
NEOS,29,Albeseder,Werner,Mag. Dr.,1953,Steuerberater,1190,Wien,9,9E
NEOS,30,Leitner-Rauchdobler,Elisabeth,Mag.,1970,Reisebüroinhaberin,4040,Linz,4,4A
NEOS,31,Trippl,Sarah,BA,1992,"Studentin, Fachreferentin",8863,Stadl-Predlitz,6,6D
NEOS,32,Lenzenhofer,Nico,\N,1995,Angestellter,1110,Wien,9,9D
NEOS,33,Watzl,Christian,Mag. (FH),1974,Marketing & Sales Manager,3143,Pyhra,3,3D
NEOS,34,Schobesberger,Stefan,\N,1987,Angestellter und Student,4020,Linz,4,4A
NEOS,35,Kollermann,Edith,Mag.,1964,Steuerberaterin,2384,Breitenfurt,3,3F
NEOS,36,Berghofer,Dominik,\N,1992,Unternehmer,8230,Hartberg,6,6B
NEOS,37,Djawadi,Darius-Angelo,\N,1997,Zivildienstleistender,3400,Klosterneuburg,3,3D
NEOS,38,Scheyer,Matthias,Dr.,1956,Chirurg,6800,Feldkirch,8,8B
NEOS,39,Wakounig,Svetlana,Mag.,1992,Wissenschaftliche Mitarbeiterin,9071,Köttmannsdorf,2,2A
NEOS,40,Wolf,Katharina,\N,1990,Studentin,4040,Linz,4,4E
NEOS,41,Pipal-Leixner,Angelika,"Mag., MBA",1978,Angestellte,1190,Wien,9,9F
NEOS,42,Sklenka,Herbert,\N,1958,"Schriftsteller, Journalist",4020,Linz,4,4A
NEOS,43,Dornach,Karlheinz,\N,1974,IT-Manager,7000,Eisenstadt,1,1A
NEOS,44,Jusic,Elma,\N,1996,Studentin,1160,Wien,4,4C
NEOS,45,Svoboda,Beatrice,Mag.,1970,Lehrerin,1220,Wien,6,6D
NEOS,46,Sumah-Vospernik,Manuela Anna,Dr.,1974,Rechtsanwältin,1180,Wien,9,9F
NEOS,47,Ableidinger,Clemens,\N,1988,Parlamentarischer Mitarbeiter,1190,Wien,9,9E
NEOS,48,Mittelbach,Stephan,Mag.,1980,Angestellter,1040,Wien,9,9A
NEOS,49,Hufnagl,Markus,\N,1970,Geschäftsführer,4600,Wels,4,4C
NEOS,50,Klambauer,Andrea,Mag (FH),1977,HR-Managerin,5630,Bad Hofgastein,5,5C
NEOS,51,Gasser,Johannes Gerhard,"BA, Bakk.",1991,Volkswirt,6881,Mellau,8,8A
NEOS,52,Rausch-Mosshammer,Anna,\N,1968,Unternehmer,5152,Dorfbeuern,5,5B
NEOS,53,Hofmann,Herbert,\N,1956,Angestellter,1110,Wien,9,9D
NEOS,54,Baftiaj,Marta,\N,1997,Studentin,8020,Graz,6,6A
NEOS,55,Reininghaus,Sabine,\N,1960,Unternehmensberaterin,8010,Graz,6,6A
NEOS,56,Werner,Katharina,MMag.,1985,Unternehmerin,4452,Ternberg,4,4D
NEOS,57,Breitenlacher,Birgit,\N,1961,Mediatorin,1040,Wien,3,3D
NEOS,58,Schuster,Michael,MMag.,1980,Unternehmer,2345,Brunn am Gebirge,3,3F
NEOS,59,Wallner,Johanna,\N,1995,Studentin,1060,Wien,9,9B
NEOS,60,Gutmann,Alexander,Mag. (FH),1981,Unternehmensberater,2486,Pottendorf,3,3F
NEOS,61,Kirchdorfer,Dominik,MSc. MLitt.,1991,Unternehmer,1060,Wien,9,9B
NEOS,62,Mitterer,Stephan,MBA,1992,Unternehmer,2345,Brunn am Gebirge,3,3F
NEOS,63,Trummer,Uwe Matthias,Mag.,1975,Geschäftsführer,8330,Feldbach,6,6B
NEOS,64,Corn,Rainer,Mag. (FH)  MA,1979,Vertriebsleiter,80799,München,8,8B
NEOS,65,Höfer,Elisabeth,\N,1968,Geschäftsführerin,8403,Lang,6,6C
NEOS,66,Kainz,Katharina,\N,1993,Studentin,1130,Wien,9,9E
NEOS,67,Lang,Ella,Dipl.-Ing.,1974,Architektin,1180,Wien,9,9F
NEOS,68,Alge,Wieland,Dr.,1970,Geschäftsführer,6020,Innsbruck,7,7A
NEOS,69,Oppitz,Jakob,\N,1996,Student,1160,Wien,4,4C
NEOS,70,Hetzel,Ludwig,Mag. LL.M.,1980,Jurist,1160,Wien,9,9F
NEOS,71,Wirl,Walter,MSc,1953,Kaufmann,3400,Klosterneuburg,3,3D
NEOS,72,Magometschnigg,Stefan,Mag.,1978,Angestellter,1070,Wien,9,9B
NEOS,73,Huber,Sebastian,Dr.,1964,Arzt,5020,Salzburg,5,5A
NEOS,74,Taudes,Elisabeth,\N,1970,Selbstständig,1080,Wien,9,9B
NEOS,75,Zechner,Robert,\N,1980,Angestellter,9020,Klagenfurt,2,2A
NEOS,76,Gschwindl,Daniela,\N,1985,Elementarpädagogin,2122,Münichsthal,3,3A
NEOS,77,Mayr,Michael,\N,1997,Zivildienstleistender,4974,Ort im Innkreis,4,4B
NEOS,78,Pengl,Sabine,\N,1977,Lerntrainerin,3435,Zwentendorf,3,3D
NEOS,79,Holzegger,Ines,\N,1993,Studentin,4484,Kronstorf,4,4A
NEOS,80,Decrinis,Paul Ludwig,Dipl. Ing.,1968,Schriftsteller,8010,Graz,6,6A
NEOS,81,Wressnig,Joachim,\N,1980,Kommunikationsberater,1040,Wien,9,9A
NEOS,82,Fürdös,Alexander,Dipl.-Ing.,1967,Selbstständig,1100,Wien,9,9D
NEOS,83,Grossmayer,Sebastian,\N,1988,Angestellter,1190,Wien,9,9F
NEOS,84,Frucht,Nimrod,\N,1949,Kaufmann,1180,Wien,9,9F
NEOS,85,Hofer-Gruber,Helmut,Mag.,1959,Unternehmensberater,2500,Baden,3,3F
NEOS,86,Roser,Christian,\N,1980,Angestellter,1080,Wien,9,9B
NEOS,87,Dundler,Monika,\N,1963,Lehrerin,1100,Wien,9,9D
NEOS,88,Volina,Hans,\N,1967,Unternehmer,9300,St. Veit,2,2D
NEOS,89,Hickl,Markus,"Mag. (FH), MSc.",1982,Technical Account Manager,1130,Wien,9,9E
NEOS,90,Syrek,Katarzyna,Mag.,1980,Juristin,1120,Wien,9,9D
NEOS,91,Uygur,Ismail,\N,1997,Zivildienstleistender,5023,Salzburg,5,5A
NEOS,92,Auer,Gerhard,\N,1960,Beamter,3340,Waidhofen an der Ybbs,3,3C
NEOS,93,Volko,Claus,Dipl.-Ing. Dr.,1983,Software-Entwickler,1230,Wien,9,9E
NEOS,94,Steiner,Manfred,\N,1964,Angestellter,4611,Buchkirchen,4,4C
NEOS,95,Amon,Martin,Dipl.-Ing. (FH) MSc,1978,Projektmanager,2700,Wiener Neustadt,3,3E
NEOS,96,Theiner,Wolfgang,\N,1969,Angestellter,1150,Wien,9,9E
NEOS,97,Schweighofer,Erich,Mag. DDr.,1960,Universitätsprofessor,1130,Wien,6,6D
NEOS,98,Hölzl,Alexander,\N,1994,Student,3910,Zwettl,3,3B
NEOS,99,Scheibl,Wolfgang,\N,1985,Sozialhelfer,8020,Graz,6,6A
NEOS,100,Tomic,Dusan,Dipl.-Ing. Dr.,1965,Projektkoordinator,1040,Wien,9,9A
NEOS,101,Sob,Brigitte,Dr.,1960,Wissenschafterin,1140,Wien,9,9E
NEOS,102,Hackenberg-Anfried,Markus,\N,1992,Kindergruppenbetreuer,2120,Wolkersdorf,3,3A
NEOS,103,Kirchmauer,Alexander,Mag. LL.M.,1980,Rechtsanwalt,3100,St. Pölten,3,3D
NEOS,104,Kapeller,Heimo,Ing.,1970,Unternehmer,8430,Leibnitz,6,6C
NEOS,105,Paces,Peter,\N,1973,Selbstständig,1190,Wien,9,9F
NEOS,106,Gradinaru,Felix,\N,1996,Unternehmer,1050,Wien,9,9A
NEOS,107,Aichinger,René,Mag.,1972,Angestellter,4020,Linz,4,4A
NEOS,108,Allesch,Christian,Dr.,1951,Universitätsdozent,5020,Salzburg,5,5A
NEOS,109,Almer,Georg Sebastian,\N,1996,Rettungssanitäter,8224,Kaindorf,6,6B
NEOS,110,Aufmesser,Thomas,Ing.,1972,Angestellter,7100,Neusiedl am See,1,1A
NEOS,111,Bacher,Max,\N,1994,Student,5671,Mariapfarr,5,5C
NEOS,112,Bachleitner,Johannes,\N,1992,Student,1130,Wien,9,9E
NEOS,113,Bärntatz,Hermann,"MAS, MTD",1964,Unternehmer,9800,Spittal,2,2C
NEOS,114,Bayer,Hubert,\N,1978,Bankangestellter,2700,Wiener Neustadt,3,3E
NEOS,115,Beck,Karin,\N,1955,Unternehmerin,6922,Wolfurt,\N,8A
NEOS,116,Beranek,Alexandra,\N,1975,Angestellte,2481,Achau,3,3F
NEOS,117,Berger,Johann Heinrich Otto,Mag.,1958,Tierarzt,5270,Mauerkirchen,4,4B
NEOS,118,Bergler,Christian,\N,1973,Technischer Angestellter,5301,Eugendorf,5,5B
NEOS,119,Bergner,Hannes,\N,1974,Angestellter,9560,Feldkirchen,2,2C
NEOS,120,Bitschnau,Andreas,MPA,1988,Unternehmer,6020,Innsbruck,7,\N
NEOS,121,Blumthaler,Wolfgang,\N,1991,Student,6100,Seefeld in Tirol,\N,7B
NEOS,122,Brottrager,Magdalena,Mag.,1985,Angestellte,3324,Euratsfeld,3,3C
NEOS,123,Bucher,Birgit,Mag.,1977,Angestellte,9201,Krumpendorf,2,2A
NEOS,124,Bürger,Franz,\N,1963,Unternehmer,9201,Krumpendorf,2,2A
NEOS,125,Buxbaum,Dietmar,Dipl.-Ing. (FH),1969,Unternehmer,7061,Trausdorf,1,1A
NEOS,126,Collini,Indra,Mag.,1970,Angestellte,2345,Brunn am Gebirge,3,3F
NEOS,127,Collini,Lothar,\N,1945,Unternehmer,6833,Klaus,8,\N
NEOS,128,Collini,Elisabeth,\N,1950,Unternehmerin,6833,Klaus,\N,8B
NEOS,129,Cottogni,Birgit,Mag.,1962,Selbstständig,1180,Wien,9,\N
NEOS,130,Danicek,Martin,Mag.,1969,Unternehmer,9800,Spittal,2,2C
NEOS,131,Doberauer,Karin,\N,1965,Angestellte,9184,St. Jakob im Rosental,2,2B
NEOS,132,Drugowitsch,Knut,Dipl.-Ing.,1947,Architekt,4600,Wels,4,4C
NEOS,133,Ebner,Domenik,Dipl.-Ing.,1984,Technischer Manager,9907,Tristach,7,7E
NEOS,134,Eckerstorfer,Günter,Dipl.-Ing.,1969,Architekt,5020,Salzburg,5,5A
NEOS,135,Ehold,Birgit,\N,1967,Immobilienmaklerin,2630,Ternitz,3,3E
NEOS,136,Eisner,Elfriede,\N,1942,Pensionistin,9201,Krumpendorf,2,2A
NEOS,137,Emmerling,Bettina,Mag.  MSc.,1980,Landtagsabgeordnete,1190,Wien,9,9F
NEOS,138,Entstrasser,Theresia,\N,1959,Hausfrau,9972,Virgen,7,7E
NEOS,139,Ess,Amanda,"Mag., BSc",1988,Wirtschaftstjuristin,6800,Feldkirch,\N,8B
NEOS,140,Etz,Norbert,Mag. (FH),1977,Angestellter,2320,Schwechat,3,3G
NEOS,141,Exenberger,Robin,\N,1997,Fliesenleger,6334,Schwoich,\N,7C
NEOS,142,Fasser,Harald,Mag.,1959,Angestellter,9220,Velden,2,2B
NEOS,143,Fausek,Jan,\N,1998,Installateur,6973,Höchst,\N,8A
NEOS,144,Feierabend,Dieter,Dr.,1985,Wissenschaftlicher Mitarbeiter,1030,Wien,9,9A
NEOS,145,Früh,Jürgen,\N,1966,Angestellter,6105,Leutasch,\N,7D
NEOS,146,Fuchs,Alexander,\N,1954,Unternehmer,5020,Salzburg,5,5A
NEOS,147,Fuchs,Johann,MBA,1975,Kaufmännischer Leiter,4650,Lambach,4,4C
NEOS,148,Gaismayer,Stefanie,MSc.,1989,Angestellte,1170,Wien,9,9F
NEOS,149,Gara,Stefan,Dr.,1964,Unternehmer,1040,Wien,9,9G
NEOS,150,Gehrer,Mathias,Mag.,1988,Controller,6800,Feldkirch,8,\N
NEOS,151,Gengler,Peter,Dipl.-Ing.,1959,Techniker,4600,Wels,4,4C
NEOS,152,Gerold,Wolfgang,Mag. Dr.,1955,"Consulter, Sänger",1060,Wien,9,9B
NEOS,153,Gieber,Daniel,\N,1990,Student,3300,Amstetten,3,3C
NEOS,154,Götsch,Tobias,\N,1988,Student,6020,Innsbruck,7,7E
NEOS,155,Grams,Friedrich,\N,1969,Versicherungskaufmann,1220,Wien,9,9G
NEOS,156,Grausgruber,Samuel,\N,1996,Student,8020,Graz,\N,7E
NEOS,157,Greissing,Dominik,\N,1984,Einzelhandelskaufmann,6912,Hörbranz,8,8A
NEOS,158,Grimmer,Christian,Dipl.-Ing.,1964,Selbstständig,1130,Wien,9,9E
NEOS,159,Grotschar,Mario,Bakk.,1982,Student,1050,Wien,9,9A
NEOS,160,Gruber,Ernst Christian,\N,1976,Wissenschaftlicher Mitarbeiter,9201,Krumpendorf,2,2A
NEOS,161,Gruber,Christoph,MSc,1990,Controller,6800,Feldkirch,\N,8B
NEOS,162,Guczky,Ralph,Mag. (FH) BA,1986,Berufsoffizier,1160,Wien,3,3B
NEOS,163,Gutkas,Ulrike,MA,1962,IT-Beraterin,6850,Dornbirn,8,\N
NEOS,164,Haas,Susannah,\N,1993,Studentin,6020,Innsbruck,7,7D
NEOS,165,Habersberger,Florian,Mag.,1983,Angestellter,3130,Herzogenburg,3,3B
NEOS,166,Hahn,Christine,\N,1949,Beamtin i. R.,1100,Wien,9,9D
NEOS,167,Hahn,Christoph,Mag.,1976,Angestellter,1170,Wien,3,3D
NEOS,168,Hämmerle,Eva-Maria,Mag.,1985,Rechtsanwältin,6800,Feldkirch,\N,8B
NEOS,169,Handlhofer-Danicek,Markus,\N,1969,Angestellter,9800,Spittal an der Drau,2,2C
NEOS,170,Hatzenbichler,Walter,Mag.,1984,Angestellter,1190,Wien,9,\N
NEOS,171,Heinzl,Hans-Peter,Dr.,1942,Unternehmer,4600,Wels,4,4C
NEOS,172,Hensler,Florian,Mag.,1990,Unternehmensberater,6020,Innsbruck,\N,7B
NEOS,173,Hirschl,Robin,Dr.,1975,Unternehmer,9551,Bodensdorf,2,2C
NEOS,174,Hladik,Martina,Dr.,1962,Unternehmerin,6850,Dornbirn,8,8A
NEOS,175,Hofbauer,Thomas,\N,1967,Vertragsbediensteter,1230,Wien,9,9E
NEOS,176,Höfer,Andreas,Dipl.-Ing.,1971,Architekt,8403,Lang,6,6C
NEOS,177,Holzer,Kilian,Mag.,1986,Angestellter,6850,Dornbirn,\N,8A
NEOS,178,Holzmann,Martin,\N,1989,Student,5721,Piesendorf,5,5C
NEOS,179,Hopfgartner,Mathias Johann,\N,1995,Student,8010,Graz,6,6A
NEOS,180,Hörmann,Andreas,Mag.,1985,Rechtsanwalt,8010,Graz,6,6A
NEOS,181,Horvath,Bettina,\N,1967,Selbstständig,1220,Wien,9,9G
NEOS,182,Hu,Jing,"Mag.,BA",1985,Apothekerin,1220,Wien,9,9G
NEOS,183,Huber,Alexander,MA,1986,Politischer Referent,1140,Wien,9,9E
NEOS,184,Huber,Severin,\N,1994,Spediteur,5020,Salzburg,5,5A
NEOS,185,Humer,Dietmar,Mag.,1979,AHS-Lehrer,4600,Wels,4,4C
NEOS,186,Jaritz,Christopher,\N,1986,Unternehmer,8042,Graz,6,\N
NEOS,187,Jöbstl,Hannes,Mag.,1992,Jurist,8010,Graz,6,6C
NEOS,188,Jung,Christoph,\N,1976,Angestellter,2325,Velm,3,3G
NEOS,189,Kern,Philipp,\N,1988,Angestellter,1120,Wien,6,6C
NEOS,190,Kerndl,Hermann,\N,1961,Angestellter,3143,Pyhra,3,3D
NEOS,191,Kerndl,Monika,\N,1962,Unternehmerin,3143,Pyhra,3,3D
NEOS,192,Kittinger,Christine,Dr.,1968,Editorin,6020,Innsbruck,7,7A
NEOS,193,Kitzmüller,Elisabeth,\N,1962,Hausfrau,4910,Ried im Innkreis,4,4B
NEOS,194,Kitzmüller,Günter,\N,1957,BS-Lehrer,4910,Ried im Innkreis,4,4B
NEOS,195,Klein,Thomas,Mag.,1964,Personalberater,1010,Wien,9,9B
NEOS,196,Klenner-Kaindl,Brigitte,Dr.,1949,Geschäftsführerin,2651,Reichenau,3,3E
NEOS,197,Klingler,Dagmar,Mag.,1968,Volksschuldirektorin,6020,Innsbruck,7,7A
NEOS,198,Knapp,Alexander,Ing.,1987,Vertragsbediensteter,3021,Pressbaum,3,3D
NEOS,199,Köb,Andreas,Dr.,1965,Rechtsanwalt,1190,Wien,9,9F
NEOS,200,Kobras,Edwin,\N,1955,Unternehmer,6951,Lingenau,8,8A
NEOS,201,Koch,Bernhard,Dipl.-Ing.,1971,Angestellter,1210,Wien,9,9G
NEOS,202,Koch,Ulrike,\N,1974,Unternehmerin,7000,Eisenstadt,1,1A
NEOS,203,Kolb,Simon,\N,1983,Angestellter,6020,Innsbruck,\N,7A
NEOS,204,Konecny,Jürgen,\N,1968,Angestellter,2700,Wiener Neustadt,3,3E
NEOS,205,Kopf,Kornelia,Mag.,1982,Pressereferentin,1090,Wien,3,3G
NEOS,206,Kotschar,Jochen,\N,1970,Unternehmer,8075,Hart bei Graz,6,6A
NEOS,207,Kotz,Heinrich,\N,1948,Hotelier,6632,Ehrwald,7,7D
NEOS,208,Krainer,Stephan,\N,1979,Flugzeugtechniker,8061,St. Radegund,6,\N
NEOS,209,Kratky,Gerhard,Dr.,1945,Pensionist,2122,Riedenthal,3,3A
NEOS,210,Kratky,Gisela,\N,1947,Pensionistin,2122,Riedenthal,3,3A
NEOS,211,Krickl,Marlene-Sophie,\N,1995,Student,5162,Obertrum,5,5B
NEOS,212,Kügele,Christian,\N,1990,Customer Supporter,8047,Graz,6,\N
NEOS,213,Kumpusch,Helmut Alois,\N,1962,Musikverleger,6870,Bezau,\N,8A
NEOS,214,Kürmayr,Georg,MSc,1988,Angestellter,4470,Enns,4,4A
NEOS,215,Lackner,Fabienne,\N,1997,Studentin,6800,Feldkirch,8,8B
NEOS,216,Lackner,Florian,\N,1989,Student,8010,Graz,6,6A
NEOS,217,Lagger-Wurzer,Sonja,\N,1959,Pensionistin,6010,Wiesing,7,7B
NEOS,218,Lausegger,Petra,\N,1984,Angestellte,9020,Klagenfurt,2,2A
NEOS,219,Leiner,David,\N,1996,Student,8047,Kainbach bei Graz,6,\N
NEOS,220,Liebhart,Roland,\N,1969,Buchhalter,6020,Innsbruck,\N,7A
NEOS,221,List,Alexander,\N,1974,IT-Spezialist,8010,Graz,6,\N
NEOS,222,Lutz,Josef,Mag.,1971,Unternehmer,6677,Schattwald,7,7D
NEOS,223,Maier-Sonnleitner,Christoph,BA,1973,Geschäftsführer,4600,Wels,4,4C
NEOS,224,Mantler,Franz,BSc,1990,Angestellter,1090,Wien,3,3A
NEOS,225,Manz,Elisabeth,\N,1970,Verwaltungsbedienstete,2353,Guntramsdorf,3,3F
NEOS,226,Mathis,Christian,\N,1974,Unternehmer,6850,Dornbirn,\N,8A
NEOS,227,Matt,Daniel,Mag.,1976,Angestellter,6800,Feldkirch,8,\N
NEOS,228,Mattle,Julian,Mag.,1988,Angestellter,6574,Pettneu am Arlberg,\N,7D
NEOS,229,Mautner-Markhof,Christoph,\N,1981,Angestellter,2320,Schwechat,3,3G
NEOS,230,Mayer,Monika,\N,1959,Trainerin,1030,Wien,9,9A
NEOS,231,Mayer,Ulrich,Mag. (FH),1986,Angestellter,3074,Michelbach,3,3D
NEOS,232,Mayr,Markus,Dr.,1973,Unternehmer,6330,Kufstein,\N,7C
NEOS,233,Mayrhofer-Grünbühel,Rudolf,Mag.,1974,Angestellter,1090,Wien,9,9B
NEOS,234,Meznik,Alexander,\N,1995,Student,1070,Wien,\N,9B
NEOS,235,Miladic,Alexander,\N,1993,Student,5020,Salzburg,5,5A
NEOS,236,Mild,Marcel,\N,1988,Unternehmer,9634,Gundersheim,2,2C
NEOS,237,Milotta-Berka,Marie-Therese,\N,1989,Studentin,4020,Linz,4,4A
NEOS,238,Mitterberger,David,\N,1969,Angestellter,6063,Rum,\N,7B
NEOS,239,Mittermayer,Felix Jakob Fritz,\N,1967,Verwaltungsrat im Europäischen Parlament,8972,Ramsau am Dachstein,\N,\N
NEOS,240,Moll,Markus,Ing. Mag.,1962,Geschäftsführer,6600,Breitenwang,\N,7D
NEOS,241,Moritz,Christian,\N,1969,Sozialunternehmer,1020,Wien,9,9C
NEOS,242,Müller,Pia,MSc,1951,Pensionistin,6176,Völs,7,7B
NEOS,243,Nagy,Szabolcs,MSc,1979,Leitung Controlling,1060,Wien,9,9B
NEOS,244,Neubauer,Leonhard,Dr.,1959,Kulturmanager,6380,St. Johann,7,7C
NEOS,245,Neumayer,Hubert,\N,1957,Unternehmer,5020,Salzburg,5,5A
NEOS,246,Neureiter,Martin,Mag.,1961,Unternehmensberater,2700,Wiener Neustadt,3,3E
NEOS,247,Niedermoser,Jakob,\N,1995,Student,6020,Innsbruck,7,7A
NEOS,248,Nolden,Marion,Dr.,1965,Ärztin,2630,Ternitz,3,3E
NEOS,249,Nußbaummüller,Stefan,Dipl.-Ing.,1988,Technologie-Strategieberater,4322,Windhaag bei Perg,4,4E
NEOS,250,Oberhammer,Maximilian,\N,1996,Schüler,1230,Wien,9,9E
NEOS,251,Oberndorfer,Georg,Dipl.-Ing.,1974,Leitender Angestellter,6800,Feldkirch,8,8B
NEOS,252,Oismüller,Gerd,\N,1978,Angestellter,4060,Leonding,4,4A
NEOS,253,Olbrich,Felix,\N,1997,Zivildienstleistender,6067,Absam,7,7B
NEOS,254,Österreicher,Markus,Ing.,1977,Unternehmer,1050,Wien,9,9A
NEOS,255,Öztürk,Yavuzhan,MMag.,1976,Angestellter,6060,Hall in Tirol,\N,7B
NEOS,256,Pallhuber,Patrick,Mag.,1985,Angestellter,6020,Innsbruck,\N,7A
NEOS,257,Palme,Johannes,\N,1947,Künstler,2640,Gloggnitz,3,3E
NEOS,258,Pandis,Johannes,\N,1977,Softwareentwickler,8042,Graz,6,6A
NEOS,259,Paulsen,Christof,Mag.,1985,Rechtsanwaltsanwärter,9201,Krumpendorf,2,2A
NEOS,260,Peikoff,Peter,Dr.,1956,Unternehmer,2485,Wimpassing,1,1A
NEOS,261,Persch,Mario,\N,1982,Unternehmer,8020,Graz,6,6A
NEOS,262,Pfahnl,Paul Leopold,\N,1998,Student,4020,Linz,4,4E
NEOS,263,Pflügl,Markus,\N,1972,Unternehmer,3143,Pyhra,3,3D
NEOS,264,Pinzer,Bernd Simon,\N,1968,Öffentlich Bediensteter,3435,Zwentendorf,3,3D
NEOS,265,Pittracher,Elmar,Ing.,1972,Bautechniker,2102,Bisamberg,3,3A
NEOS,266,Plangger,Julian,\N,1998,Zivildiener,6020,Innsbruck,7,7D
NEOS,267,Pohoryles,Ronald,Dr.,1952,Institutsvorstand,1030,Wien,\N,9A
NEOS,268,Posch,Eduard,Mag.,1957,Pensionist,7423,Pinkafeld,1,1B
NEOS,269,Pötsch,Ernst Bernhard,Dipl.-Ing.,1988,Jungunternehmer,1070,Wien,6,6C
NEOS,270,Pötsch,Helga,Dr.,1961,Biobäuerin,8503,St. Josef,6,6C
NEOS,271,Primus,Barbara,Mag.,1952,Pensionierte Apothekerin,8042,Graz,6,6A
NEOS,272,Prischl,Markus,"Mag., Bed",1978,Lehrer,4060,Leonding,4,4A
NEOS,273,Pruntsch,Anton,Dr.,1962,Arzt für Allgemeinmedizin,9201,Krumpendorf,2,2B
NEOS,274,Pucher,Gerhard,Ing.,1964,Chemotechniker,8055,Graz,6,6A
NEOS,275,Pucher,Gernot,\N,1990,Chemotechniker,8055,Graz,6,\N
NEOS,276,Pucher,Jürgen,\N,1992,Polizeischüler,8047,Graz,6,6A
NEOS,277,Pucher,Sylvia,\N,1965,Landeskoordinatorin,8302,Nestelbach,6,6A
NEOS,278,Puchner,Robert,\N,1976,Diplomierter Sozialbetreuer,9360,Friesach,2,2D
NEOS,279,Ralser,Emanuel,\N,1983,Angestellter,6020,Innsbruck,\N,7A
NEOS,280,Reidinger,Roland,\N,1969,Unternehmer,2231,Strasshof,3,3G
NEOS,281,Reinisch,Elisabeth,\N,1969,Unternehmer,6020,Innsbruck,\N,7E
NEOS,282,Reinstadler,Adrian,\N,1992,Student,6065,Thauer,7,7C
NEOS,283,Reisinger-Chowdhury,Nandita,Mag.,1960,Unternehmerin,1190,Wien,9,\N
NEOS,284,Riederer,Katharina,\N,1997,Studentin,3580,Horn,3,3B
NEOS,285,Rößlhuber,Lukas,\N,1993,Student,5026,Salzburg,5,5A
NEOS,286,Rudigier,Emanuel,\N,1994,Student,6020,Innsbruck,\N,7D
NEOS,287,Rützler,Otmar,\N,1948,Pensionist,6020,Innsbruck,\N,7D
NEOS,288,Schabauer,Daniel,\N,1993,Process Manager,1150,Wien,9,\N
NEOS,289,Schaffenrath,Maria,Dr.,1951,Pensionistin,6112,Wattens,7,7B
NEOS,290,Schally,Valerian,\N,1997,Student,9020,Klagenfurt,\N,2A
NEOS,291,Scharka,Josef,Ing.,1964,Systemanalytiker,1030,Wien,9,9A
NEOS,292,Scheffknecht,Peter,Dipl.-Ing. (FH),1983,Leitender Angestellter,6800,Feldkirch,\N,8B
NEOS,293,Scheffknecht,Sabine,\N,1978,Unternehmerin,6890,Lustenau,8,8A
NEOS,294,Schirak,Dieter,Ing.,1969,Entwicklungsingenieur,6020,Innsbruck,7,7E
NEOS,295,Schmider,Albert,Ing.,1969,Unternehmer,6341,Ebbs,7,7C
NEOS,296,Schmitzer,Peter,\N,1946,Pensionist,4020,Linz,4,4A
NEOS,297,Schumacher,Lukas,\N,1992,Angestellter,6425,Haiming,\N,7A
NEOS,298,Schumi,Franziska,\N,1984,Angestellte,6233,Kramsach,7,7C
NEOS,299,Schwartz,Stefan,Mag. (FH),1972,Angestellter,2624,Breitenau,3,3E
NEOS,300,Schwarzer,Johannes,Mag.,1961,Kaufmann,9900,Lienz,7,7E
NEOS,301,Seidl,Heidi,\N,1978,Wirtschtaftsinformatikern,5400,Hallein,5,5B
NEOS,302,Seifriedsberger,Erwin,\N,1961,Unternehmer,4910,Ried im Innkreis,4,4B
NEOS,303,Skalitzky,Patrick,\N,1991,Student,2380,Perchtoldsdorf,3,3F
NEOS,304,Smrtnik,Bernard,\N,1987,Angestellter,9135,Vellach,2,2D
NEOS,305,Sonderer,Roman,\N,1973,Bankangestellter,7122,Gols,1,1A
NEOS,306,Sonnenschein,Udo,"Ing., BA",1973,Technischer Angestellter,7000,Eisenstadt,1,1A
NEOS,307,Stauder,Wolfgang,\N,1972,Unternehmer,9584,Finkenstein,2,2B
NEOS,308,Steinberger,Michael,\N,1964,Vertragsbediensteter,9201,Krumpendorf,\N,2A
NEOS,309,Steiner,Josef,\N,1962,Bergbauer,6370,Kitzbühel,\N,7C
NEOS,310,Stemberger,Anton,\N,1973,Beamter,6020,Innsbruck,\N,7A
NEOS,311,Stich,Christian,\N,1993,Oberflächentechniker,2183,Sankt Ulrich,3,3A
NEOS,312,Streb,Florian,Mag. (FH),1985,Angestellter,2353,Guntramsdorf,3,3F
NEOS,313,Streitenberger,Raimund,MSc,1987,Angestellter,1090,Wien,3,3D
NEOS,314,Strohmeier,Franz,Mag.,1967,EDV-Berater,8530,Frauental,6,6C
NEOS,315,Suder,Marcin,BA,1982,"Unternehmer, Musiker",1220,Wien,9,9G
NEOS,316,Teufel,Franziska,\N,1995,Studentin,2320,Schwechat,3,3G
NEOS,317,Tieber,Michael,\N,1988,Universitätsassistent,8010,Graz,6,6A
NEOS,318,Tilg,Martin,\N,1998,Zivildiener,6500,Landeck,\N,7D
NEOS,319,Tilg,Johannes,\N,1997,Versicherungskaufmann,6500,Landeck,7,7D
NEOS,320,Uitz,Martina,"Mag. (FH), MA",1982,Marketing Manager,1190,Wien,9,9F
NEOS,321,Unterdorfer-Morgenstern,Markus,Mag.,1972,Unternehmer,9871,Seeboden,2,2C
NEOS,322,Unterweger,Julian,\N,1995,Student,8010,Graz,6,\N
NEOS,323,Valenta,Anton,\N,1952,Tischlermeister,1100,Wien,\N,9D
NEOS,324,Vojtisek-Stuntner,Ulrike,\N,1959,Unternehmerin,3712,Maissau,3,3B
NEOS,325,Vonbank,Herbert,Dr.,1960,Facharzt,6763,Lech,\N,8B
NEOS,326,Wachter,Stefan,\N,1998,Schüler,6094,Axams,\N,7B
NEOS,327,Wagner,Michael Alexander,Bakk.,1981,Angestellter,1090,Wien,9,9B
NEOS,328,Waldl,Andrea,\N,1968,Unternehmerin,2732,Willendorf,3,3E
NEOS,329,Weingartshofer,Philipp,Mag.,1982,Lehrsanitäter,2120,Obersdorf,3,3A
NEOS,330,Weitgasser,Elisabeth,\N,1963,Unternehmerin,5541,Altenmarkt,5,5C
NEOS,331,Wessely,Franz,\N,1930,Pensionist,9800,Spittal,2,2C
NEOS,332,Wessner,Helmut,Ing.,1955,Angestellter,6370,Kitzbühel,7,7C
NEOS,333,Widerin,Hans,Dr.,1941,Rechtsanwalt,6714,Nüziders,\N,8B
NEOS,334,Wieser,Karl-Armin,\N,1950,Pensionist,5301,Eugendorf,5,5B
NEOS,335,Windberger,Günter,Ing. MMag.,1955,Wirtschaftspädagoge,8010,Graz,6,\N
NEOS,336,Windbichler,Bernhard,Mag.,1972,Angestellter,6020,Innsbruck,\N,7A
NEOS,337,Wolschner,Boris,\N,1978,Angestellter,9020,Klagenfurt,2,2A
NEOS,338,Wrulich,Christoph,\N,1980,Angestellter,9800,Spittal,\N,2C
NEOS,339,Wurzer,Bernhard,Dr.,1954,Zahnarzt,6020,Innsbruck,7,7C
NEOS,340,Zainzinger,Bernhard,\N,1981,Unternehmer,7033,Pöttsching,1,1A
NEOS,341,Zajelsnig,Thomas,\N,1974,Unternehmer,8330,Feldbach,6,6B
NEOS,342,Zimmermann,Konrad,Dipl.-Ing.,1955,Unternehmer,2511,Pfaffstätten,3,3F
NEOS,343,Zinnauer,Gabriele,Mag. Dr.,1968,Unternehmer,9220,Velden,2,2B
NEOS,344,Zobl,Angele,Mag.,1960,Angestellte,5020,Salzburg,5,5A
