Partei,lfdnr,familienname,vorname,titel,Geb.,Beruf,PLZ,ORT,LPL,RPL
SLP,1,Klabacher,Florian Alfred,\N,1988,Pflegehelfer,4020,Linz,4,4E
SLP,2,Grusch,Sonja,\N,1970,Bundessprecherin der SLP,1200,Wien,9,9C
SLP,3,Wawra,Elisabeth,\N,1985,Chemikerin,4810,Gmunden,4,4D
SLP,4,Mötzl,Irene-Renate,\N,1981,Betriebsrätin im Sozialbereich,1100,Wien,9,9A
SLP,5,Prettner,Nicolas Joshua,\N,1996,Student,8020,Graz,\N,\N
SLP,6,Brandstötter,Celina,\N,1998,Schülerin,4311,Schwertberg,4,4A
SLP,7,Jakolic,Alec,\N,1997,Lehrling,4020,Linz,4,4A
SLP,8,Schröder,Helga,\N,1968,Juristin,1120,Wien,9,9D
SLP,9,Bauer,Moritz,\N,1999,Schüler,5020,Salzburg,\N,\N
SLP,10,Kastner,Lukas Simon,\N,1983,Angestellter,5020,Salzburg,\N,\N
SLP,11,Erkl,Moritz,\N,1990,Sozialarbeiter,8020,Graz,\N,\N
SLP,12,Reimer,Theresa,\N,1995,Sozialbereichsbeschäftigte,1210,Wien,9,9G
SLP,13,Ertl,Alois Walter,\N,1962,Leiharbeiter,8010,Graz,\N,\N
SLP,14,Millonig,Jan,\N,1993,Krankenpfleger,4020,Linz,4,4B
SLP,15,Reifberger,Stefan,\N,1997,Student,5201,Seekirchen,\N,\N
SLP,16,Gehmacher,Michael,\N,1972,Flüchtlingsbetreuer,1100,Wien,9,9D
SLP,17,Hauer,Thomas,\N,1983,Metallarbeiter,2163,Ottenthal,\N,\N
SLP,18,Glanninger,Christoph,\N,1983,Lehrling,1160,Wien,9,9F
SLP,19,Patscheider,Lisa Maria,\N,1999,Studentin,4641,Roitenham,4,4D
SLP,20,Kugler,Sebastian,\N,1992,Student,1020,Wien,9,9C
SLP,21,Schwaiger,Manuel,\N,1998,Student,4861,Schärfling,4,4C
SLP,22,Salzmann,Simon,\N,1993,Student,1200,Wien,9,9C
SLP,23,Zalto,Nadine,\N,1998,Altenpflegerin,4663,Laakirchen,9,9C
SLP,24,Wolf,Margarita,\N,1985,Angestellter,1040,Wien,9,9B
SLP,25,Ziegler,Gerhard,\N,1957,Angestellter,4020,Linz,4,4A
SLP,26,Kropf,Albert,\N,1971,Lehrer,1200,Wien,9,9C
SLP,27,Neuhold,Franz,\N,1977,Kulturvermittler,4600,Wels,4,4C
SLP,28,Wottawa,Karin,\N,1974,Erziehungsberaterin,1210,Wien,9,9G
SLP,29,Klabacher,Theresa,\N,1991,Kellnerin,4020,Linz,4,4E
SLP,30,Sorger,Claudia,\N,1972,Soziologin,1160,Wien,9,9C
SLP,31,Stockhamer,Simon,\N,1994,Techniker,4662,Laakirchen,9,9A
SLP,32,Kumer,Georg,\N,1979,Chemielaborant,1210,Wien,9,9E
SLP,33,Brandl,Stefan,\N,1987,Student,4663,Laakirchen,4,4D
SLP,34,Mallinger,Bernhard,\N,1989,Angestellter,1160,Wien,9,9A
SLP,35,Skukalek,Maurice,\N,1998,Arbeitslos,4813,Altmünster,4,4D
SLP,36,Knoll,Jens,\N,1994,Student,1200,Wien,9,9E
SLP,37,Breinesberger,Karl Anton,\N,1986,Maschinenbautechniker,4810,Gmunden,4,4D
SLP,38,Hörtner,Pablo,\N,1979,Buchhändler,1160,Wien,\N,\N
