Partei,lfdnr,familienname,vorname,titel,Geb.,Beruf,PLZ,ORT,LPL,RPL
WEIßE,1,Heydarfadai,Isabella,\N,1965,Kauffrau,4822,Bad Goisern,5,5A
WEIßE,2,Rathammer,Thomas,Mag.,1966,EDV-Unternehmer,3420,Kritzendorf,9,9E
WEIßE,3,Plankel,Karl-Heinz,Dr.,1962,Rechtsanwalt,1010,Wien,9,9G
WEIßE,4,Bogner,Bettina,\N,1965,Kriminalbeamtin,4061,Pasching,\N,\N
WEIßE,5,Steinbichler,Leopold,\N,1959,Politiker,4861,Aurach,4,4C
WEIßE,6,Zelina,Gerald,Mag.,1968,Unternehmensberater,2331,Vösendorf,3,3F
WEIßE,7,Hölzl,Johannes,Mag.,1971,Berater,1190,Wien,1,1A
WEIßE,8,Gaber,Andreas,Mag.,1977,Geschäftsführer,6020,Innsbruck,7,7A
WEIßE,9,Piotrowski,Gregor,Dipl.-Ing.,1958,Mechanikingenieur,2380,Perchtoldsdorf,3,3F
WEIßE,10,Köck,Franz,Dipl.-Ing.,1948,Pensionist,5421,Adnet,5,5B
WEIßE,11,Konzett,Hartmut,\N,1954,Unternehmer,6774,Tschagguns,8,8B
WEIßE,12,Weiß,Elisabeth,Mag.,1962,Betriebswirtin,8700,Leoben,6,6D
WEIßE,13,Reich,Johann Günter,\N,1959,Versicherungsmakler,6300,Wörgl,7,7C
WEIßE,14,Fischer,Oliver,\N,1970,Entwickler,6971,Hard,8,8A
WEIßE,15,Okonek,Roland,\N,1976,Versicherungsmakler,4060,Leonding,\N,\N
WEIßE,16,Talab,Stefan Yousef Amin,Dr.,1973,Mediator,1200,Wien,\N,\N
WEIßE,17,Neunhäuserer,Kai-Oliver,\N,1979,Physiotherapeut,6922,Wolfurt,\N,\N
WEIßE,18,Freisleben,Wolfgang,Dr.,1947,Journalist,1020,Wien,\N,\N
WEIßE,19,Fichtenbauer,Michael,\N,1965,EDV-Unternehmer,1150,Wien,\N,\N
WEIßE,20,Spindelberger,Leopold,Dr.,1956,Arzt,1010,Wien,\N,\N
WEIßE,21,Rotter,Peter,Dipl.-Ing.,1951,Unternehmer,9500,Villach,2,2B
