Partei,lfdnr,familienname,vorname,titel,Geb.,Beruf,PLZ,ORT,LPL,RPL
GILT,1,Lassi,Günther,\N,1947,Pensionist,3973,Karlstift,3,3B
GILT,2,Schelling,Josef,Mag.,1952,Pensionist,2500,Baden bei Wien,3,3F
GILT,3,Innerlohinger,Erwin,\N,1972,Techniker,5400,Hallein,5,5B
GILT,4,Pammer,Nicole,\N,1986,Kaufmännische Angestellte,1210,Wien,9,9G
GILT,5,Kövari,Verena,Mag.,1970,AHS-Lehrerin,1060,Wien,9,9B
GILT,6,Safka,Ernst,\N,1979,EPU,7053,Hornstein,1,1A
GILT,7,Winkler,David,\N,1986,Öffentlich-Bedienster,1170,Wien,9,9F
GILT,8,Ates,Zilan,\N,1996,Verkäuferin,8940,Liezen,6,6D
GILT,9,Doppelhofer,Thomas,\N,1963,Gastronom,6845,Hohenems,8,8A
GILT,10,Welsch,Monika Momo Sophia,\N,1996,Studentin,6020,Innsbruck,7,7A
GILT,11,Alfery,Valentin,\N,1984,Künstler,9020,Klagenfurt,2,2A
GILT,12,Brand,Rita,Mag.,1982,Erwerbslos,1160,Wien,9,9F
GILT,13,Hohenegger,Johannes,\N,1996,Biologe,3730,Eggenburg,3,3B
GILT,14,Ossanna,Attila,\N,1985,EPU,6252,Breitenbach,7,7B
GILT,15,Meischberger,Astrid,\N,1981,Künstlerin,6300,Wörgl,7,7C
GILT,16,Rieser,Ernst,Dipl.-Ing. (FH),1969,Privatangestellter,6336,Langkampfen,7,7C
GILT,17,Holzmeister,Manuela,\N,1972,Selbstständige Pädagogin,8911,Admont,6,6D
GILT,18,Hausmann,Werner,\N,1957,Pensionist,5164,Seeham,5,5B
GILT,19,Mitterwenger-Fessl,Sonja,\N,1974,Behinderenbetreuerin,3041,Asperhofen,3,3D
GILT,20,Xu,Xuyi,BSc,1985,Unternehmer,1210,Wien,9,9G
GILT,21,Krause,Simone,\N,1990,Studentin,3001,Mauerbach,3,3D
GILT,22,Freihammer,Markus,\N,1970,Mechaniker,8077,Gössendorf,6,6A
GILT,23,Riedlecker,Harald,\N,1966,Soldat,5550,Radstatt,5,5C
GILT,24,Nährer,Leo,\N,1975,Privatangestellter,8682,Hönigsberg,6,6D
GILT,25,Fuchs,Mario Ernst,\N,1983,Musiker,8502,Lannach,6,6C
GILT,26,Trausner,Birgit,\N,1985,EPU,4114,St. Martin im Mühlkreis,4,4E
GILT,27,Pesseg,Irene,\N,1959,Pädagogin,2620,Loipersbach,3,3E
GILT,28,Bongola,Patrick,\N,1972,Künstler,1160,Wien,9,9F
GILT,29,Fulmek,Johanna,\N,1974,Kaufmännische Angestellte,1010,Wien,9,9B
GILT,30,Kopczyk,Cornelia,\N,1984,EDV-Administratorin,1110,Wien,9,9D
GILT,31,Rusch,Angela,\N,1955,Pensionistin,3400,Klosterneuburg,3,3D
GILT,32,Neumaier,Zoe,\N,1978,Angestellte,5020,Salzburg,5,5A
GILT,33,Gaugl, Stefanie,\N,1983,Angestellte,3392,Schönbühel,3,3C
GILT,34,Katstaller,Birgit, Mag.,1978,Trainerin,4020,Linz,4,4A
GILT,35,Dorner,Wolfgang,\N,1975,Feuerwehrmann,6020,Innsbruck,7,7A
GILT,36,Aplitscher,Rebecca,\N,1981,Unternehmerin,1080,Wien,9,9F
GILT,37,Kasparetz,Vera,\N,1969,Unternehmerin,5310,Mondsee,4,4C
GILT,38,Donaubauer,Astrid,\N,1981,Kleinunternehmerin,1100,Wien,9,9D
GILT,39,Berrer,Manuel,MBA,1988,Physiker,4931,Mettmach,4,4B
GILT,40,Ehrenberger,Michael,Dr.,1958,Arzt,8382,Mogersdorf,1,1B
GILT,41,Haslacher,Daniel,\N,1978,Psychologe,9701,Spittal,2,2C
GILT,42,Auer,Michael,\N,1976,Lektor,1050,Wien,9,9A
GILT,43,Söllner,Erik,\N,1965,Landwirt,2831,Gleissenfeld,3,3E
GILT,44,Deutsch,Mario,\N,1975,Techniker,6830,Rankweil,8,8B
GILT,45,Ebner,Andrea,\N,1961,Kaufmännische Angestellte,1030,Wien,9,\N
