Partei,Lfd. Nr.,Familienname,Vorname,Titel,Geb. Jahr,Beruf,PLZ,Ort,LPL,RPL
SPÖ,1,Kern,Christian,Mag.,1966,Bundeskanzler,1070,Wien,9,\N
SPÖ,2,Rendi-Wagner,Joy Pamela,Dr.,1971,Bundesministerin,1010,Wien,9,9B
SPÖ,3,Katzian,Wolfgang,\N,1956,Vorsitzender GPA-djp,1230,Wien,9,9E
SPÖ,4,Heinisch-Hosek,Gabriele,\N,1961,"Lehrerin, Abgeordnete zum Nationalrat",2353,Guntramsdorf,3,\N
SPÖ,5,Drozda,Thomas,Mag.,1965,Bundesminister,1180,Wien,9,\N
SPÖ,6,Bures,Doris,\N,1962,Präsidentin des Nationalrates,1080,Wien,9,9E
SPÖ,7,Schieder,Andreas,Mag.,1969,Klubobmann,1020,Wien,9,9E
SPÖ,8,Duzdar,Muna,Mag.,1978,Staatssekretärin,1220,Wien,9,9G
SPÖ,9,Niedermühlbichler,Georg,\N,1966,"Bundesgeschäftsführer, Landtagsabgeordneter",1010,Wien,9,9B
SPÖ,10,Feichtinger,Elisabeth,BEd,1987,Bürgermeisterin,4814,Altmünster,\N,\N
SPÖ,11,Lindner,Mario,\N,1982,"ÖGB-Regionalsekretär, Mitglied des Bundesrates",8931,Landl,6,6D
SPÖ,12,Anderl,Renate,\N,1962,Vizepräsidentin des ÖGB,1230,Wien,9,\N
SPÖ,13,Wimmer,Rainer Leopold,\N,1955,Bundesvorsitzender der PRO-GE,4830,Hallstatt,\N,\N
SPÖ,14,Kucharowits,Katharina,\N,1983,Abgeordnete zum Nationalrat,2320,Schwechat,3,\N
SPÖ,15,Stauber,Oliver Peter,MMag.,1978,Rechtsanwalt,9421,Eitweg,\N,\N
SPÖ,16,Herr,Julia Elisabeth,\N,1992,Angestellte,7032,Sigleß,\N,\N
SPÖ,17,Matznetter,Christoph,Dr.,1959,"Wirtschaftsprüfer und Steuerberater, Abgeordneter zum Nationalrat",1230,Wien,9,\N
SPÖ,18,Margreiter,Doris,\N,1968,Unternehmerin,4800,Attnang-Puchheim,4,4C
SPÖ,19,Moitzi,Wolfgang,\N,1984,Referent Stmk. Landesregierung,8724,Spielberg,6,6D
SPÖ,20,Holzleitner,Eva-Maria,BSc,1993,"Studentin, Angestellte",4600,Wels,4,4C
SPÖ,21,Doskozil,Hans Peter,Mag.,1970,Bundesminister,7423,Grafenschachen,1,1B
SPÖ,22,Hammerschmid,Sonja,Mag. Dr.,1968,Bundesministerin,1230,Wien,3,\N
SPÖ,23,Leichtfried,Jörg,Mag.,1967,Bundesminister,8600,Bruck an der Mur,6,6D
SPÖ,24,Muttonen,Christine,Mag.,1954,HTL-Professorin,9500,Villach,2,2B
SPÖ,25,Stöger,Alois Josef,diplômé,1960,Bundesminister,4101,Feldkirchen an der Donau,4,4E
SPÖ,26,Maltschnig,Maria Rosa,Mag.,1985,Direktorin Renner-Institut,1060,Wien,\N,\N
SPÖ,27,Wohlmuth,Andreas,\N,1963,Generalsekretär,3423,St. Andrä-Wördern,\N,\N
SPÖ,28,Greiner,Karin,Mag.,1967,Vertragsbedienstete,8111,Gratwein-Straßengel,6,6A
SPÖ,29,Husagi?,Ahmed,BA,1976,Angestellter,1090,Wien,9,\N
SPÖ,30,Haider,Silke Johanna,\N,1987,Universitätsangestellte,4020,Linz,\N,\N
SPÖ,31,Einwallner,Reinhold,Ing.,1973,"Geschäftsführer, Augenoptiker",6900,Bregenz,8,8A
SPÖ,32,Çelik,Eda,\N,1995,Studentin,6460,Imst,\N,7D
SPÖ,33,Cap,Josef,Dr.,1952,"Geschäftsführer, Abgeordneter zum Nationalrat",1010,Wien,\N,9F
SPÖ,34,Brunner,Andrea,\N,1979,Bundesfrauengeschäftsführerin,1180,Wien,\N,\N
SPÖ,35,Wibmer,Florian,BA,1989,Referent Wiener Antidiskriminierungsstelle,1150,Wien,9,\N
SPÖ,36,Ecker,Cornelia,\N,1976,Geschäftsführerin,5111,Bürmoos,5,5B
SPÖ,37,Yenici,Mustafa,\N,1973,Angestellter,1030,Wien,9,\N
SPÖ,38,Fetik,Ilse,\N,1957,Betriebsratsvorsitzende,1100,Wien,\N,\N
SPÖ,39,Muchitsch,Josef,\N,1967,Angestellter,8430,Leibnitz,6,6C
SPÖ,40,Pasti,Nicole,\N,1993,"Angestellte, Studentin",8793,Trofaiach,6,6D
SPÖ,41,Lederer,Nicolaus Daniel,\N,1995,Student,1080,Wien,\N,\N
SPÖ,42,Kuntzl,Andrea,Mag.,1958,Abgeordnete zum Nationalrat,1070,Wien,9,9B
SPÖ,43,Hebenstreit,Roman,\N,1971,ÖBB-Bediensteter,1220,Wien,\N,\N
SPÖ,44,Friedl,Klaudia,\N,1963,Verwaltungsdirektorin,7453,Steinberg-Dörfl,1,1B
SPÖ,45,Babler,Andreas Werner,MSc,1973,Bürgermeister,2514,Traiskirchen,\N,\N
SPÖ,46,Aybay,Seda,\N,1993,Angestellte,1100,Wien,\N,\N
SPÖ,47,Leiter,Mario,\N,1965,"Polizeibeamter, Vizebürgermeister",6700,Bludenz,\N,\N
SPÖ,48,Yildirim,Selma,Mag.,1969,"Bundesbedienstete, Juristin",6020,Innsbruck,7,7A
SPÖ,49,Kovacevic,Christian,\N,1983,Speditionsangestellter,6300,Wörgl,7,7C
SPÖ,50,O'Brien,Claudia,\N,1989,Bezirksgeschäftsführerin,1090,Wien,\N,9B
SPÖ,51,Schimetschek,Adrian,\N,1991,Büroangestellter,1110,Wien,\N,\N
SPÖ,52,Schweiner,Cornelia,\N,1980,Kindergartenpädagogin,8350,Fehring,6,6B
SPÖ,53,Kucher,Philip,\N,1981,Abgeordneter zum Nationalrat,9020,Klagenfurt,2,2A
SPÖ,54,Embacher,Katharina Laura,\N,1994,Studentin,6020,Innsbruck,\N,\N
SPÖ,55,Androsch,Maurice,\N,1970,Landesrat,3812,Groß-Siegharts,3,\N
SPÖ,56,Kauer,Michaela,Mag.,1966,"Angestellte, Leiterin des Wien-Hauses in Brüssel",1020,Wien,\N,9C
SPÖ,57,Kendlbacher,Bernhard,\N,1964,AK-Bezirksstellenleiter,5591,Ramingstein,\N,5C
SPÖ,58,Königsberger-Ludwig,Ulrike,\N,1965,Abgeordnete zum Nationalrat,3300,Amstetten,3,3C
SPÖ,59,Krainer,Kai Jan,\N,1968,Abgeordneter zum Nationalrat,1030,Wien,9,9A
SPÖ,60,Yilmaz,Nurten,\N,1957,Abgeordnete zum Nationalrat,1160,Wien,9,9F
SPÖ,61,Preiner,Erwin,\N,1962,Lehrer,7092,Winden am See,1,1A
SPÖ,62,Hochstetter-Lackner,Irene,\N,1973,Leiterin AK-Villach,9500,Villach,2,2B
SPÖ,63,Gasteiger,Klaus,\N,1965,Bürgermeister,6272,Kaltenbach,\N,\N
SPÖ,64,Schmidt,Michaela,MMag.,1983,Angestellte,5020,Salzburg,5,5A
SPÖ,65,Mailath-Pokorny,Paul Andreas,Mag. Dr.,1959,Stadtrat in Wien,1030,Wien,\N,\N
SPÖ,66,Getzinger,Alexia Christiana,td td,1967,Landesschulrats-Vizepräsidentin,8010,Graz,\N,\N
SPÖ,67,Röbl,Rene,\N,1993,Forschungsassistent,4040,Linz,4,\N
SPÖ,68,Vogl,Lisa,BA,1990,Angestellte,7000,Eisenstadt,1,1A
SPÖ,69,Kollross,Andreas,\N,1971,"Bürgermeister, Angestellter",2521,Trumau,3,3F
SPÖ,70,Obermoser,Claudia,Mag. (FH),1975,Bilanzbuchhalterin,6395,Hochfilzen,\N,7C
SPÖ,71,Kögl,Michael  Konstantin,\N,1991,Parlamentarischer Mitarbeiter,3100,St.Pölten,3,\N
SPÖ,72,Gorenzel,Karin,\N,1976,Kleinkindpädagogin,3124,Wölbling,3,3D
SPÖ,73,Novak,Günther,\N,1955,"Bürgermeister, Mitglied des Bundesrates ",9822,Mallnitz,2,2C
SPÖ,74,Lueger,Angela,\N,1965,Beamtin,1210,Wien,9,9G
SPÖ,75,Oxonitsch,Christian,\N,1961,Klubvorsitzender SPÖ-Rathausklub,1160,Wien,\N,9F
SPÖ,76,Keck,Veronika Charlotte,\N,1983,Medizinische Masseurin,6706,Bürs,8,8B
SPÖ,77,Bacher,Walter,\N,1962,Seilbahnangestellter,5723,Uttendorf,5,5C
SPÖ,78,Pittermann,Elisabeth,Dr.,1946,Pensionistin,1120,Wien,\N,\N
SPÖ,79,Juriši?,Darko,BEd,1980,Lehrer,4050,Traun,\N,\N
SPÖ,80,Hanel-Torsch,Elke,Mag.,1981,Juristin,1200,Wien,9,9A
SPÖ,81,Jarolim,Johannes,Dr.,1954,Rechtsanwalt,1020,Wien,9,9C
SPÖ,82,Obex-Mischitz,Ines Klaudia,\N,1965,Angestellte,9061,Klagenfurt,2,2A
SPÖ,83,Unterrainer,Maximilian,Mag. (FH),1964,Abgeordneter zum Nationalrat,6067,Absam,7,7B
SPÖ,84,Schinner,Katharina,\N,1979,"Landtagsabgeordnete, Geschäftsführerin",1120,Wien,\N,9F
SPÖ,85,Zindanci,Daniel,\N,1996,Student,4020,Linz,4,\N
SPÖ,86,Posch-Resch,Stephanie,"Mag. Dr., LLB",1984,Juristin,5441,Abtenau,\N,5B
SPÖ,87,Drechsler,Peter,\N,1994,Student,8700,Leoben,\N,\N
SPÖ,88,Czech,Silvia,\N,1994,Studentin,7210,Mattersburg,\N,\N
SPÖ,89,Wittmann,Peter,Dr.,1957,Rechtsanwalt,2700,Wiener Neustadt,3,3E
SPÖ,90,Knauseder,Gabriele,MSc,1966,"Diplomierte Gesundheits- und Krankenschwester, Gesundheitspädagogin",5282,Ranshofen,4,4B
SPÖ,91,Bulant,Thomas,MMag. Dr.,1965,Lehrer,1100,Wien,\N,\N
SPÖ,92,Grossmann,Elisabeth,Mag.,1968,Juristin,8583,Edelschrott,6,6C
SPÖ,93,Troch,Harald,Dr.,1959,"Historiker, Abgeordneter zum Nationalrat",1110,Wien,9,9D
SPÖ,94,Schiffer,Gabriele,\N,1966,Drogistin,6020,Innsbruck,7,7A
SPÖ,95,Altenburger,Heinz,\N,1964,Berufsfeuerwehrmann,1090,Wien,9,\N
SPÖ,96,Leitner,Miriam,Dr.,1984,Ärztin,1090,Wien,9,\N
SPÖ,97,Hafner,Patrick,MA,1989,Angestellter,7542,Gerersdorf-Sulz,1,1B
SPÖ,98,Bayr,Petra,"MA, MLS",1968,"Angestellte, Abgeordnete zum Nationalrat",1100,Wien,9,9D
SPÖ,99,Etzenberger,Josef,td td,1953,Bauernsekretär,3552,Lengenfeld bei Krems,\N,\N
SPÖ,100,Becher,Ruth,Mag.,1956,Lehrerin,1220,Wien,9,9G
SPÖ,101,Gerstbauer,Gerald Erwin,"MBA, MLE",1964,Manager,1100,Wien,\N,\N
SPÖ,102,Erasim,Melanie,MSc,1983,Angestellte,2274,Rabensburg,3,3A
SPÖ,103,Hopfner,Thomas,\N,1965,Polizeibeamter,6850,Dornbirn,8,8A
SPÖ,104,Erdost,Zeynep-Ilkim,td td,1979,VHS-Direktorin,1160,Wien,\N,\N
SPÖ,105,Keck,Dietmar,\N,1957,Produktionstechniker,4030,Linz,4,4A
SPÖ,106,Wimmer,Petra Elfriede,\N,1965,Geschäftsführerin,4600,Wels,4,4C
SPÖ,107,Höfler,Bernhard,\N,1986,Angestellter ÖGB,6075,Tulfes,7,7B
SPÖ,108,Lurger,Brigitta Maria,Mag. Dr.,1967,Universitätsprofessorin,8010,Graz,6,6A
SPÖ,109,Achitz,Bernhard,Mag.,1965,Angestellter,1020,Wien,\N,\N
SPÖ,110,Vondrasek,Elisabeth,\N,1960,ÖBB-Angestellte,1200,Wien,\N,\N
SPÖ,111,Girolla,René,\N,1999,Schüler,9020,Klagenfurt,\N,\N
SPÖ,112,Zimmermann,Elke,\N,1973,Diplomierte Kinderkrankenschwester,6706,Bürs,8,8B
SPÖ,113,Knes,Wolfgang,\N,1964,Maschinenschlosser,9431,Wolfsberg,2,2D
SPÖ,114,Winkler,Daniela,Mag. (FH),1980,Angestellte,7132,Frauenkirchen,1,1A
SPÖ,115,Plessl,Rudolf,\N,1967,Polizeibeamter,2230,Gänserndorf,3,3G
SPÖ,116,Kögler,Sylvia,Mag.,1971,Persönlichkeitstrainerin,2620,Grafenbach-,3,3E
SPÖ,117,Hallak,Bakri,\N,1985,Angestellter,1130,Wien,9,\N
SPÖ,118,Hörmann,Christa,\N,1961,Bundesfrauenvorsitzende und stv. Vorsitzende der younion,1140,Wien,\N,\N
SPÖ,119,Glatz,Harald,Dr.,1948,Pensionist,1050,Wien,\N,\N
SPÖ,120,Rezaei,Alexandra Agnes,Mag.,1974,Juristin,1180,Wien,\N,\N
SPÖ,121,Feichtinger,Klaus Uwe,Mag. Dr.,1970,Geschäftsführer,8160,Weiz,6,6B
SPÖ,122,Egger,Irmgard,td td,1962,Diplompädagogin,6322,Kirchbichl,\N,7C
SPÖ,123,Kaske,Rudolf,\N,1955,AK-Präsident,1030,Wien,9,9D
SPÖ,124,Gruber-Pruner,Daniela,Mag.,1975,"Angestellte, Pädagogin, Mitglied des Bundesrates",1220,Wien,\N,9G
SPÖ,125,Vogl,Markus,Ing.,1970,Vorsitzender Angestelltenbetriebsrat,4407,Steyr,4,4D
SPÖ,126,Pircer,Evelin,\N,1958,Diplomierte Konfliktmanagerin,9135,Eisenkappel-Vellach,2,2D
SPÖ,127,Laimer,Robert,\N,1966,SPÖ-Landesgeschäftsführer,3100,St. Pölten,3,3D
SPÖ,128,Nussbaum,Verena,Mag.,1970,"Juristin, Angestellte",8042,Graz,6,6A
SPÖ,129,Gfrerer,Andreas,Mag.,1969,Spediteur,5020,Salzburg,\N,5A
SPÖ,130,Schatz,Sabine,\N,1978,Angestellte,4312,Ried in der Riedmark,4,4E
SPÖ,131,Sidl,Günther,Dr.,1975,"Landtagsabgeordneter, Angestellter",3252,Petzenkirchen,3,3C
SPÖ,132,Schmidt,Elvira,\N,1970,Direktorin,2486,Pottendorf,3,3F
SPÖ,133,Ganzert,Stefan Paul,\N,1991,Vertragsbediensteter,4600,Wels,\N,\N
SPÖ,134,Schumann,Korinna,\N,1966,Beamtin,1030,Wien,\N,\N
SPÖ,135,Vögel,Christian,\N,1975,Selbstständig,6840,Götzis,8,8B
SPÖ,136,Kasper,Barbara Rosemarie,td td,1984,Gewerkschaftssekretärin,1180,Wien,\N,\N
SPÖ,137,Neubauer,Roland Peter,Mag.,1977,Vertragsbediensteter,9300,St. Veit an der Glan,2,2D
SPÖ,138,Wehsely,Tanja,Mag. (FH),1972,"Lektorin, Landtagsabgeordnete",1020,Wien,\N,9C
SPÖ,139,Fürst,Roland,Dr.,1969,"Hochschullehrer, Department- und Studiengangsleiter",7202,Bad Sauerbrunn,1,1A
SPÖ,140,Gabrielli,Tatjana,\N,1993,Pressesprecherin,1090,Wien,9,\N
SPÖ,141,Lindner,Michael,Mag.,1983,"Mitglied des Bundesrates, Angestellter",4292,Kefermarkt,4,4E
SPÖ,142,Pany,Astrid,td td,1975,Schulleiterin,1210,Wien,\N,\N
SPÖ,143,Antoni,Konrad,\N,1964,Hochqualifizierte Fachkraft Rechnungswesen,3943,Schrems,3,3B
SPÖ,144,Zehetner,Gerlinde,Mag.,1971,Geschäftsführerin,1020,Wien,\N,\N
SPÖ,145,Meidlinger,Christian,Ing.,1963,"Nachrichtentechniker, Vorsitzender der Gewerkschaft younion",1210,Wien,9,\N
SPÖ,146,Vladyka,Christine,\N,1955,Landtagsabgeordnete,2460,Bruck an der Leitha,3,3G
SPÖ,147,Miran,Aziz,\N,1952,Versicherungsangestellter,1050,Wien,\N,\N
SPÖ,148,Unger,Andrea,\N,1974,Vertragsbedienstete,7551,Bocksdorf,1,1B
SPÖ,149,Tzaferis,Philipp,\N,1989,Angestellter,1030,Wien,\N,\N
SPÖ,150,Eder,Miriam,td td,1973,"Leiterin Controlling, bfi-BBRZ OÖ",4020,Linz,\N,\N
SPÖ,151,Ferlitsch,Hans Jürgen,Dipl.-Ing. (FH),1983,Technischer Angestellter,8552,Eibiswald,6,6C
SPÖ,152,Gavri?,Marija,\N,1995,Angestellte,4820,Bad Ischl,\N,\N
SPÖ,153,Schroll,Alois,\N,1968,"Angestellter, Bürgermeister",3370,Ybbs an der Donau,3,3C
SPÖ,154,Wieninger,Pia Maria,td td,1982,Fachreferentin,1220,Wien,\N,\N
SPÖ,155,Dax,Christian,"Mag., LL.M., BA",1988,Angestellter,7410,Loipersdorf-Kitzladen,1,1B
SPÖ,156,Hollerer,Eva,\N,1965,Diplomierte Gesundheits- u. Krankenpflegerin,3500,Krems an der Donau,3,3B
SPÖ,157,Nekula,Kurt,MA,1955,Beamter,1230,Wien,\N,\N
SPÖ,158,Zederbauer,Marlis Annica,\N,1990,Studentin,1190,Wien,\N,\N
SPÖ,159,Lackner,Wilhelm Josef,\N,1958,Lokführer,9900,Lienz,\N,7E
SPÖ,160,Herzog,Fiona,\N,1995,Studentin,1030,Wien,9,\N
SPÖ,161,Kiliç,Süleyman,\N,1982,Einzelhandelsbürokaufmann,6433,Oetz,7,7D
SPÖ,162,Schober,Elfriede,\N,1970,Betriebsratsvorsitzende,4655,Vorchdorf,4,\N
SPÖ,163,Peterl,Martin,\N,1977,Büroleiter Korneuburg,2100,Korneuburg,3,3A
SPÖ,164,Greiter,Jeannette,\N,1989,Angestellte,6911,Lochau,8,8A
SPÖ,165,Wohleser,Thorsten,\N,1990,"Postbediensteter, Student",8750,Judenburg,6,6D
SPÖ,166,Sandler,Birgit Silvia,\N,1964,Leiterin Volkshilfe-Verbandssekretärin,8700,Leoben,6,6D
SPÖ,167,Klingesberger,Donat Johannes,\N,1987,Angestellter,1020,Wien,\N,\N
SPÖ,168,Rainer,Christine,\N,1960,Bankangestellte,5733,Bramberg am Wildkogel,\N,5C
SPÖ,169,Silvan,Rudolf,\N,1967,Leitender Angestellter,2486,Pottendorf,3,\N
SPÖ,170,Schlager,Claudia,\N,1973,Direktorin der PTS Mattersburg,7210,Mattersburg,1,1A
SPÖ,171,Arige,Marcus,\N,1972,Selbstständiger strategischer Berater,1080,Wien,9,\N
SPÖ,172,Leitmann,Sigrid Anna,\N,1961,Radiologietechnologin,9130,Poggersdorf,2,2A
SPÖ,173,Röhrenbacher,Franz,Mag.,1953,Pensionist,4020,Linz,4,\N
SPÖ,174,Frieben,Klaudia,\N,1963,Bundesfrauenvorsitzende und stv. Vorsitzende der PRO-GE,1220,Wien,\N,\N
SPÖ,175,Weichsler,Christoph,\N,1997,Schüler,4407,Steyr,\N,\N
SPÖ,176,Fuchs,Patricia,\N,1994,Angestellte,2332,Hennersdorf,3,\N
SPÖ,177,Scheuch,Johann,Dr.,1961,Angestellter,8162,Passail,6,6B
SPÖ,178,Niederer,Inge,\N,1957,Pensionistin,3213,Frankenfels,\N,\N
SPÖ,179,Gschnaidtner,Rene,\N,1989,Student,4050,Traun,\N,\N
SPÖ,180,Septimus,Katja,Mag.,1978,Juristin,1020,Wien,\N,\N
SPÖ,181,Schlömicher-Thier,Josef,Dr.,1954,HNO-Facharzt,5203,Köstendorf,\N,5B
SPÖ,182,Yildiz,Bediha,MMag. Dr.,1967,"Juristin, Sozialberaterin",6020,Innsbruck,\N,7A
SPÖ,183,Aichinger,Michael,td td,1963,Angestellter,1100,Wien,\N,\N
SPÖ,184,Pokorny,Katarina,td td,1966,Selbstständig,1020,Wien,\N,\N
SPÖ,185,Stopper,Heimo,\N,1967,Hausmann,3465,Königsbrunn am Wagram,3,3D
SPÖ,186,Wimmer,Anna Lisa,\N,1993,Fachsozialbetreuerin in der Behindertenarbeit,4081,Hartkirchen,4,4C
SPÖ,187,Pompl,Michael,\N,1978,Logistiker,6922,Wolfurt,8,8A
SPÖ,188,Weinek,Eva-Maria,Mag.,1964,Winzerin,7522,Heiligenbrunn,\N,\N
SPÖ,189,Högl,Christian,\N,1970,Selbstständig,1020,Wien,\N,\N
SPÖ,190,Boandl-Haunold,Karin,Mag.,1967,Landesbedienstete,8401,Kalsdorf bei Graz,6,6A
SPÖ,191,Mut,Peter,\N,1995,Polizist,8380,Jennersdorf,1,1B
SPÖ,192,Ahmad,Saya,Mag.,1984,Angestellte,1100,Wien,\N,\N
SPÖ,193,Bohmann,Daniel,td td,1984,Geschäftsführer,1160,Wien,\N,\N
SPÖ,194,Schulz,Brigitte,Mag.,1959,"Angestellte, Bundesfrauenvorsitzende Gewerkschaft Bau-Holz",1200,Wien,\N,\N
SPÖ,195,Reisinger,Dominik,\N,1972,Polizeibeamter,4170,Haslach an der Mühl,4,\N
SPÖ,196,Allen-Stingeder,Beverley Moshopeh,"Mag., BEd",1967,Berufsschullehrerin,4048,Puchenau,\N,\N
SPÖ,197,Safferthal,Alexander,Dipl.-Ing.,1956,Baumeister,1220,Wien,\N,\N
SPÖ,198,Edelmaier,Heidemarie,\N,1960,Ordinationsassistentin,3160,Traisen,3,3D
SPÖ,199,Köstinger,Helmut,\N,1957,Beamter,8605,Kapfenberg,\N,\N
SPÖ,200,Baschny,Brigitte,Dr.,1959,Juristin,6800,Feldkirch,8,8B
SPÖ,201,Akkilic,Senol,td td,1965,Angestellter,1090,Wien,\N,\N
SPÖ,202,Menclik,Michaela,\N,1974,Medienreferentin der Wiener Linien,2230,Gänserndorf,\N,\N
SPÖ,203,Klug,Gerald,Mag.,1968,Jurist,8010,Graz,6,6A
SPÖ,204,Moser-Daringer,Jutta,Mag.,1984,Angestellte,5020,Salzburg,\N,5A
SPÖ,205,Krammel,Mario,Dr.,1984,Arzt,1030,Wien,\N,\N
SPÖ,206,Rami?,Emina,\N,1993,Studentin,5400,Hallein,5,\N
SPÖ,207,Sauer,Johannes,MSc,1958,"Landessekretär, Geschäftsführer Pensionistenverband NÖ",3133,Traismauer,3,\N
SPÖ,208,Krainz,Markus,MMMag. Dr.,1971,AHS-Direktor,9065,Ebenthal in Kärnten,\N,\N
SPÖ,209,Schrottmeyer,Birgit,\N,1969,Angestellte,3730,Eggenburg,3,3B
SPÖ,210,Anderle,Manfred,\N,1957,Bundessekretär,1210,Wien,\N,\N
SPÖ,211,Schreiner,Viktoria,\N,1986,Angestellte,7122,Gols,1,1A
SPÖ,212,Wiener,Gerald,BEd,1987,NMS-Lehrer,5710,Kaprun,\N,5C
SPÖ,213,Regner,Evelyn,Mag.,1966,"Juristin, Mitglied des Europäischen Parlaments",1220,Wien,\N,\N
SPÖ,214,Weidenholzer,Josef,Dr.,1950,"Universitätsprofessor, emeritiert",4823,Bad Goisern,\N,\N
SPÖ,215,Kadenbach,Karin Ingeborg,\N,1958,Mitglied des Europäischen Parlaments,2002,Großmugl,\N,\N
SPÖ,216,Freund,Eugen,\N,1951,Journalist,1040,Wien,\N,\N
SPÖ,217,Graswander-Hainz,Karoline,\N,1974,"Pädagogin, Mitglied des Europäischen Parlaments",6460,Imst,\N,\N
SPÖ,218,Kaiser,Luca,\N,1994,"Angestellter, Student",9020,Klagenfurt,2,2A
SPÖ,219,Mairinger,Petra,Dr.,1976,Zahnärztin,4782,St. Florian am Inn,4,4B
SPÖ,220,Kranebitter,David,\N,1991,Assistent der Geschäftsführung,6423,Mötz,7,7D
SPÖ,221,Schön,Michaela,\N,1970,Koordinatenschleiferin,3762,Ludweis-Aigen,3,3B
SPÖ,222,Hebesberger,Udo,\N,1981,Landesbediensteter,8074,Raaba-Grambach,6,6A
SPÖ,223,Islek,Maria,\N,1954,Pensionistin,5201,Seekirchen am Wallersee,\N,5B
SPÖ,224,Rammelmayr,Alfred,"Dr., MBA",1964,Tierarzt,3264,Gresten-Land,3,3C
SPÖ,225,Vukan,Anna Magdalena,Dipl.-Ing.,1985,Geschäftsführerin,1020,Wien,\N,\N
SPÖ,226,Vlasich,Christian,Mag. (FH),1978,"Angestellter, Bürgermeister",7442,Lockenhaus,1,1B
SPÖ,227,Abrahamczik,Nina,Mag.,1982,Angestellte,1120,Wien,\N,\N
SPÖ,228,Ernszt,Sascha Markus,\N,1988,"Schaltschrankmonteur, Bundesjugendvorsitzender ÖGB",1210,Wien,\N,\N
SPÖ,229,Koller,Monika,\N,1966,Sozialpädagogin,1230,Wien,6,6D
SPÖ,230,Farthofer,Christian,\N,1977,ÖGB-Landessekretär,3900,Schwarzenau,3,3B
SPÖ,231,Zolitsch,Alexandra Helga Ingrid,\N,1976,Bilanzbuchhalterin,6430,Ötztal Bahnhof,7,7D
SPÖ,232,Corn,Bernhard,Ing.,1984,Betriebstechniker,6700,Bludenz,8,8B
SPÖ,233,Gamsjäger,Renate,Mag.,1961,Vertragsbedienstete,3100,St. Pölten,3,3D
SPÖ,234,Aigner,Tobias,Mag. LLB,1988,Rechtsreferent,5020,Salzburg,5,\N
SPÖ,235,Schüller,Elisabeth,\N,1957,Angestellte,7083,Purbach,1,1A
SPÖ,236,Schmid,Gerhard,Mag. Dr.,1960,Selbstständig,1130,Wien,\N,9E
SPÖ,237,Praxmarer,Brigitte,\N,1964,Bürgermeisterin,6403,Flaurling,\N,7B
SPÖ,238,Novakovic,Branko,\N,1964,Zentralbetriebsratsvorsitzender,4020,Linz,4,\N
SPÖ,239,Lang,Manuela,BA,1977,"Kindheitspädagogin, selbstständige Referentin",6890,Lustenau,8,8A
SPÖ,240,Al-Rawi,Omar,Dipl.-Ing.,1961,Bauingenieur,1120,Wien,9,\N
SPÖ,241,Ernstbrunner,Ulrike,\N,1961,Beamtin,6430,Ötztal Bahnhof,\N,\N
SPÖ,242,Prokop,Heribert,\N,1964,Technischer Angestellter,2560,Berndorf,3,3F
SPÖ,243,Kürzel,Christine,\N,1978,Geschäftsführerin im Baugewerbe,3100,St. Pölten,\N,\N
SPÖ,244,Hafner,Robert,BA,1983,Musikpädagoge,8151,Hitzendorf,6,6A
SPÖ,245,Schindl,Elisabeth,"Dr., MBA",1957,Bereichsleiterin Sozialeinrichtung,5500,Bischofshofen,5,5C
SPÖ,246,Zimmermann,Walter,td td,1966,NMS-Lehrer,6370,Kitzbühel,\N,7C
SPÖ,247,Asanger,Elisabeth,\N,1975,Angestellte,3362,Amstetten,3,3C
SPÖ,248,Schöngruber,Klaus,\N,1987,Angestellter,4052,Haid bei Ansfelden,\N,\N
SPÖ,249,Berger-Krotsch,Nicole,Mag.,1975,Angestellte,1070,Wien,\N,\N
SPÖ,250,Gruber,Hannes,\N,1958,Polizeibeamter,1120,Wien,\N,\N
SPÖ,251,Andree,Dagmar,"Mag., MBA",1971,Abteilungsleiterin,4020,Linz,4,\N
SPÖ,252,Stemmer,Reinhard,\N,1971,Triebfahrzeugführer,6714,Nüziders,8,8B
SPÖ,253,Hackl,Mariella,Mag.,1981,Rechtsanwältin,8082,Kirchbach-Zerlach,6,6B
SPÖ,254,Friedrich,Matthias,MSc,1983,Bundesgeschäftsführer der SPÖ-Bauern,1130,Wien,\N,\N
SPÖ,255,Do Amaral Tavares,Sara,\N,1989,Angestellte,1030,Wien,\N,9A
SPÖ,256,Ondraschek,Richard,\N,1968,Angestellter,2351,Wiener Neudorf,\N,\N
SPÖ,257,Gucher,Astrid,\N,1968,Versicherungsangestellte,9620,Gitschtal,2,2C
SPÖ,258,Richter,Harald,\N,1969,Nachrichtentechniker,2493,Lichtenwörth,3,3E
SPÖ,259,Graf,Bianca,\N,1979,Diplomkrankenschwester,7503,Jabing,\N,1B
SPÖ,260,Liebich,Thomas,Mag.,1976,Angestellter,1100,Wien,\N,9B
SPÖ,261,Renner,Karin,Mag.,1965,Politikwissenschafterin,2282,Markgrafneusiedl,3,3G
SPÖ,262,Baxant,Petr,td td,1977,Landtagsabgeordneter,1200,Wien,\N,\N
SPÖ,263,Fauster,Sabine Erika Anna,\N,1969,Kellnerin,6020,Innsbruck,\N,7A
SPÖ,264,Almesberger,Peter,\N,1973,Sicherheitswachebeamter,3003,Gablitz,3,3D
SPÖ,265,Weninger,Katharina,BA,1986,Geschäftsführerin des sozialdemokratischen Wirtschaftsverbandes,1120,Wien,9,9D
SPÖ,266,Sailer,Josef,"Bakk., MBA",1975,Beamter,5400,Hallein,5,5B
SPÖ,267,Kofler,Simone,BA,1985,Betriebswirtin,6700,Bludenz,8,8B
SPÖ,268,Haidinger,Gernot,Dipl.-Ing. (FH),1985,Angestellter,8441,Kitzeck im Sausal,6,6C
SPÖ,269,Wimmer-Puchinger,Beate,Dr.,1948,Pensionistin,1180,Wien,\N,\N
SPÖ,270,Stangl,Andreas,\N,1969,Geschäftsführer,4060,Leonding,4,\N
SPÖ,271,Mlada,Inna,Dipl.-Ing.,1963,Unternehmensberaterin,2320,Schwechat,3,3G
SPÖ,272,Gülüm,Aziz,td td,1955,Vertragsbediensteter,1120,Wien,\N,\N
SPÖ,273,Teiber,Barbara,MA,1977,Geschäftsführerin der GPA-djp Wien,1010,Wien,9,\N
SPÖ,274,Steindl,Günter,\N,1972,Direktor NÖ GKK,3542,Gföhl,3,3B
SPÖ,275,Frasl,Gabriele Angelika,Ing.,1956,Pensionistin,1150,Wien,\N,\N
SPÖ,276,Bari?,Zlatko,\N,1985,Selbstständig,1120,Wien,\N,\N
SPÖ,277,Woisetschläger,Angelika,\N,1991,Angestellte,3124,Wölbling,3,\N
SPÖ,278,Willegger,René,\N,1970,Angestellter,9560,Steuerberg,2,2C
SPÖ,279,Spekner-Florian,Elke Irmgard,Mag.,1973,Lehrerin,8750,Judenburg,6,6D
SPÖ,280,Pregler,Richard,BEd,1981,Volksschullehrer,1100,Wien,3,3A
SPÖ,281,Müller,Mirijam Christina,\N,1987,Angestellte Krankenanstaltenverbund,1190,Wien,\N,\N
SPÖ,282,Gjergji,Arsim,\N,1984,Selbstständig,8020,Graz,6,6A
SPÖ,283,Prammer,Renate,\N,1954,Pensionistin,4050,Traun,4,\N
SPÖ,284,Reinberger,Johann,\N,1966,Bankangestellter,1160,Wien,\N,\N
SPÖ,285,Krautstingl,Cornelia,\N,1992,IT-Technikerin,8200,Gleisdorf,6,6B
SPÖ,286,Diana,Vincenzo,\N,1989,Polizist,6460,Imst,\N,7D
SPÖ,287,Weitgasser-Gumpp,Laura Valerie,Mag.,1985,Juristin,9360,Friesach,2,2D
SPÖ,288,Jud,Stefan,\N,1979,Justizwachebeamter,8152,Geistthal-Södingberg,6,6C
SPÖ,289,Akcay,Safak,\N,1974,Lohnverrechnerin,1020,Wien,\N,\N
SPÖ,290,Mernyi,Wilhelm,\N,1968,Sekretär des ÖGB,2100,Korneuburg,\N,\N
SPÖ,291,Haberler,Nicole,"Ing., Dipl.-Ing., MSc",1975,Bundesbedienstete,2630,Ternitz,3,3E
SPÖ,292,Riedmann,Björn,\N,1977,"Unternehmer, Berufsschullehrer",6971,Hard,8,8A
SPÖ,293,Blauensteiner,Renate,\N,1959,"Landesfrauenvorsitzende PRO-GE Wien, Vizepräsidentin der AK-Wien",1220,Wien,\N,\N
SPÖ,294,Friedrich,Maxim Ulrich,td td,1991,Student,1020,Wien,\N,\N
SPÖ,295,Brunnegger,Anna Maria,\N,1960,Pensionistin,8654,Fischbach,\N,\N
SPÖ,296,Zoppoth,Josef Martin,Mag. (FH),1977,Angestellter,9640,Kötschach-Mauthen,2,2C
SPÖ,297,Schiller,Ines,BEd,1978,Pädagogin,4820,Bad Ischl,4,4D
SPÖ,298,Saliuka,Januz,td td,1963,Angestellter,1150,Wien,\N,\N
SPÖ,299,Lessacher,Julia,\N,1974,Angestellte,1220,Wien,\N,\N
SPÖ,300,Foglar,Erich,\N,1955,ÖGB-Präsident,1140,Wien,\N,\N
SPÖ,301,Müller,Evelyn,\N,1985,Hausfrau,9900,Lienz,\N,7E
SPÖ,302,Nikodym,Christian,\N,1974,Angestellter,2136,Laa an der Thaya,3,3A
SPÖ,303,Steiner,Gabriele,\N,1962,Angestellte,2345,Brunn am Gebirge,3,3F
SPÖ,304,Mathes,Johannes Siegfried,Mag.,1976,Landesgeschäftsführer,4820,Bad Ischl,\N,\N
SPÖ,305,Grubesa,Michaela,\N,1989,Landtagsabgeordnete,8990,Bad Aussee,6,6D
SPÖ,306,Hagenauer,Alexander,"Mag., MPM",1972,Verwaltungsangestellter,4040,Linz,4,\N
SPÖ,307,Nischelbitzer,Ulrike,\N,1977,Beamtin,9813,Lurnfeld,2,2C
SPÖ,308,Hager,Anton,\N,1986,"Referent, Student",1100,Wien,\N,\N
SPÖ,309,Lancaster,Bettina Anna,Mag.,1964,Angestellte,4562,Steinbach am Ziehberg,4,4D
SPÖ,310,Palaver,Robert Gerhard,\N,1991,Rezeptionist,6280,Zell am Ziller,\N,7B
SPÖ,311,Can-Taskara,Gülsel,Mag.,1977,"Arbeitsassistentin, Betriebsrätin",6850,Dornbirn,8,8A
SPÖ,312,Lackner,Karl,Mag.,1956,Angestellter,3100,St. Pölten,3,3D
SPÖ,313,Ngosso,Adiet,Dr.,1980,Ärztin,1090,Wien,9,\N
SPÖ,314,Amschl,Martin Josef,Mag. Dr.,1988,Lehramtsstudent,8020,Graz,6,6A
SPÖ,315,Hahn,Doris,MA,1981,"NMS-Lehrerin, Landtagsabgeordnete",3433,Königstetten,3,3D
SPÖ,316,Hassan,Amir,\N,1986,Parlamentarischer Mitarbeiter,1030,Wien,\N,\N
SPÖ,317,Erler,Beatrix,\N,1955,Unternehmerin,9900,Lienz,\N,7E
SPÖ,318,Haydn,Manfred,\N,1963,Elektrotechniker,3332,Biberbach,3,3C
SPÖ,319,Just-Moczygemba,Elena,Dipl.-Ing.,1977,Angestellte,8054,Graz,6,6A
SPÖ,320,Peer,Franz Josef,\N,1948,Pensionist,6020,Innsbruck,\N,7A
SPÖ,321,Eder-Müller,Martina,MBA,1972,Beteiligungsmanagerin,2201,Gerasdorf bei Wien,3,3A
SPÖ,322,Zußner,Karl,\N,1970,Bankangestellter,9601,Arnoldstein,2,2B
SPÖ,323,Hagmann,Luminita-Eugenia,\N,1973,Diplomierte Gesundheits- und  Krankenschwester,1110,Wien,\N,\N
SPÖ,324,Karabulut,Bülent,\N,1976,ÖGB-Sekretär,4040,Linz,4,\N
SPÖ,325,Kreuzer-Burger,Elke,Mag. Dr.,1968,Landesbeamtin,9531,Bad Bleiberg,2,2B
SPÖ,326,Srba,Rudolf,\N,1955,Pensionist,2252,Angern an der March,3,3G
SPÖ,327,Varga,Claudia,\N,1990,Angestellte,1190,Wien,\N,9F
SPÖ,328,Reisenauer,Paul,Ing.,1986,Angestellter,1120,Wien,\N,\N
SPÖ,329,Garfias,Camila Del Pilar,td td,1994,Angestellte,1090,Wien,\N,\N
SPÖ,330,Reitzer,Matthias,Mag. Dr.,1977,Psychologe,8200,Ludersdorf-Wilfersdorf,6,6B
SPÖ,331,Ciftci,Cigdem,\N,1988,Übersetzerin,3390,Melk,3,3C
SPÖ,332,Tesarek,Swen,\N,1995,Tourimuskaufmann,2460,Bruck an der Leitha,3,3G
SPÖ,333,Bozatemur,Aslihan,\N,1982,Angestellte,1210,Wien,\N,\N
SPÖ,334,Kohler,Markus Remigius,\N,1961,Diplomierte Gesundheits- und Krankenpfleger,6800,Feldkirch,8,8B
SPÖ,335,Feirer,Maria Susanne,\N,1966,Rechtsreferentin,8403,Lebring-,6,6C
SPÖ,336,Itamah,Clement,"Mag., MAS",1960,Referent Verwaltung,1180,Wien,\N,\N
SPÖ,337,Demaku,Serafina,\N,1996,Studentin,2500,Baden,3,3F
SPÖ,338,Kinberger,Thomas Anton,\N,1973,Betriebsrat,5020,Salzburg,5,5A
SPÖ,339,Kaiser,Olivia,Mag.,1985,BSA-Generalsekretärin,1180,Wien,9,\N
SPÖ,340,Duzic-Roßmann,Johann,\N,1980,Selbstständig,8700,Leoben,6,6D
SPÖ,341,Meingassner,Christin,\N,1988,Qualitätsingenieurin,4906,Eberschwang,4,4B
SPÖ,342,Kandutsch,Horst,Dipl.-Ing. Dr.,1980,"Selbstständig, Landesgeschäftsführer SWV",9201,Krumpendorf am Wörthersee,2,2A
SPÖ,343,Hirschbichler,Sarah,BSc,1990,Radiologietechnologin,5760,Saalfelden am Steinernen Meer,5,\N
SPÖ,344,Wolf,Günter,\N,1960,Leiter Justizanstalt,2625,Schwarzau am Steinfeld,3,3E
SPÖ,345,Köberl,Eveline,\N,1964,Personalvertreterin,8141,Premstätten,6,6A
SPÖ,346,Jug,Manuel,\N,1997,Student,9170,Zell,2,2A
SPÖ,347,Sitz,Margarete,MSc,1959,Gehobener Dienst für Gesundheits- und Krankenpflege,2700,Wiener Neustadt,3,3E
SPÖ,348,Sam,Günter,\N,1974,Kaufmännischer Angestellter,2440,Reisenberg,3,3F
SPÖ,349,Georgieva,Ludmila,Mag. Dr.,1981,Bundesbedienstete,1050,Wien,\N,\N
SPÖ,350,Scheiböck,Franz,\N,1964,Bezirkspolizeikommandant,4632,Pichl bei Wels,4,4C
SPÖ,351,Strodl,Nicole,Mag.,1986,Klinische- und Gesundheitspsychologin,9462,Bad St. Leonhard im Lavanttal,2,2D
SPÖ,352,Danninger,Othmar,\N,1963,Betriebsratsvorsitzender,5083,Gartenau-,5,5B
SPÖ,353,Trötzmüller,Brigitte,\N,1950,Pensionistin,6511,Zams,\N,7D
SPÖ,354,Solderer,Anton,\N,1964,AK-Angestellter,8093,Sankt Peter am Ottersbach,6,6B
SPÖ,355,Prinz,Viktoria,Mag.,1980,Kleinregionsmanagerin,3943,Schrems,3,3B
SPÖ,356,Stadler,Matthias,Mag.,1966,Bürgermeister,3100,St. Pölten,3,3D
SPÖ,357,Koch,Elisabeth,\N,1988,Kinderbetreuerin,8524,Deutschlandsberg,6,6C
SPÖ,358,Barkoczi,Alexander Bernhard Johann,\N,1988,Feuerwehrmann,1070,Wien,\N,\N
SPÖ,359,Tugrul-Kartal,Hatice,Mag.,1975,Bilanzbuchhalterin,2353,Guntramsdorf,3,3F
SPÖ,360,Pichler,Heinz Stefan,Mag.,1957,Angestellter,9020,Klagenfurt,2,2A
SPÖ,361,Gerdenitsch,Sandra,Mag.,1973,Vertragsbedienstete,7301,Deutschkreutz,\N,1B
SPÖ,362,Staudinger,Martin Helmut,MMag.,1979,Landesstellenleiter Sozialministeriumservice,1100,Wien,\N,\N
SPÖ,363,Dell-Osbel,Martina,MA,1983,Angestellte,6900,Bregenz,8,8A
SPÖ,364,Rudischer,Karl,Dipl.-Ing.,1963,"Architekt, Bürgermeister",8680,Mürzzuschlag,6,6D
SPÖ,365,Kaiser,Fiona,"MA, BA",1989,Sozialarbeiterin,4020,Linz,4,\N
SPÖ,366,Baumgärtel,Christoph,Dr.,1973,Mediziner,2103,Langenzersdorf,3,3A
SPÖ,367,Pilgram,Sonja,\N,1960,Bürgermeisterin,8843,St. Peter am Kammersberg,6,6D
SPÖ,368,Salzmann,Stefan,\N,1982,Technischer Angestellter,9470,St. Paul im Lavanttal,2,2D
SPÖ,369,Mrzena-Merdinger,Jasmin Elisabeth,\N,1984,Vertragsbedienstete der Stadt Wien,1110,Wien,\N,\N
SPÖ,370,Mairhofer,Nikolaus Johann,td td,1971,Diplomierter Sonderpädagoge,6336,Langkampfen,\N,7C
SPÖ,371,Stifter,Elke,\N,1973,Diplomierte Gesundheits- und Krankenpflegerin,2020,Hollabrunn,3,3A
SPÖ,372,Murlasits,Gerald,\N,1965,Angestellter,8112,Gratwein-Straßengel,6,6A
SPÖ,373,Tuschak,Nicole,\N,1990,Bürokauffrau,1110,Wien,\N,\N
SPÖ,374,Zabernig,Karl Josef,\N,1975,Diplomierter Sozialbetreuer,9900,Lienz,\N,7E
SPÖ,375,Bierbauer-Hartinger,Brigitte,\N,1961,Selbstständig,8261,Sinabelkirchen,6,6B
SPÖ,376,Ablinger,Josef,\N,1962,Betriebsratsvorsitzender,4864,Attersee am Attersee,4,4C
SPÖ,377,Nosko,Karin,Mag.,1981,Kaufmännische Geschäftsführerin,4522,Sierning,4,4D
SPÖ,378,Brunner,Johannes,\N,1989,Diplomierter Sozialbetreuer,6500,Landeck,\N,7D
SPÖ,379,Koncilia,Sabine,\N,1968,Bankangestellte,9500,Villach,2,2B
SPÖ,380,Schwingenschlögl,Michael,\N,1979,Beteiligungsmanager,8410,Wildon,6,6C
SPÖ,381,Müller,Regina,\N,1964,Kanzleibeamtin,1020,Wien,\N,\N
SPÖ,382,Schnabl,Franz,\N,1958,Leitender Angestellter,3100,St. Pölten,3,\N
SPÖ,383,Wallner,Birgit,\N,1972,Vertragsbedienstete,4482,Ennsdorf,3,3C
SPÖ,384,Wohlmuth,Nicolai Johannes,\N,1994,Gärtner,1130,Wien,\N,\N
SPÖ,385,Klauninger,Ingrid,\N,1964,Kaufmännische Angestellte,2604,Theresienfeld,3,3E
SPÖ,386,Heinzl,Anton,\N,1953,Abgeordneter zum Nationalrat,3100,St. Pölten,3,3D
SPÖ,387,Lechner,Iris,"Mag., Bakk.",1978,Betriebswirtin,8641,Sankt Marein im Mürztal,6,6D
SPÖ,388,Haas,Mario,\N,1992,Student,5360,St. Wolfgang im Salzkammergut,4,4D
SPÖ,389,Sieberer,Gerlinde,\N,1955,Pensionistin,3430,Tulln an der Donau,3,3D
SPÖ,390,Schwab,Thomas,Mag. (FH),1970,Angestellter,2440,Gramatneusiedl,3,3G
SPÖ,391,Weltler-Müller,Ingrid,Mag.,1968,Direktorin,7434,Bernstein,\N,1B
SPÖ,392,Wielandner,Hermann,Mag.,1977,Geschäftsführer,5026,Salzburg,5,5A
SPÖ,393,Haslinger,Heide,\N,1956,Hausfrau,3541,Senftenberg,3,3B
SPÖ,394,Lenk,Otto,\N,1955,Pensionist,6361,Hopfgarten im Brixental,\N,7C
SPÖ,395,Eilmsteiner,Helga,\N,1958,Beamtin,4020,Linz,4,4A
SPÖ,396,Kainzinger,Domenik Josef,\N,1989,Angestellter,8010,Graz,6,6A
SPÖ,397,Pahr-Gold,Petra,\N,1970,Vertragslehrerin,7202,Bad Sauerbrunn,\N,1A
SPÖ,398,Wieser,Markus,\N,1965,Präsident AK-Niederösterreich,2540,Bad Vöslau,3,\N
SPÖ,399,Hofireck,Sabine,"Mag., MBA",1968,Angestellte,2304,Orth an der Donau,3,3G
SPÖ,400,Hundsmüller,Reinhard,\N,1956,Leitender Angestellter,2822,Erlach an der Pitten,3,\N
SPÖ,401,Gruber,Renate,\N,1967,"Bürgermeisterin, Abgeordnete zum Landtag",3292,Gaming,3,3C
SPÖ,402,Senn,Markus,"MA, BSc (WU)",1986,Angestellter,2521,Trumau,3,\N
SPÖ,403,Jost,Corinna,\N,1994,Studentin,3100,St. Pölten,3,3D
SPÖ,404,Pleninger,Klaus,Ing.,1966,Selbstständig,2491,Neufeld an der Leitha,\N,1A
SPÖ,405,Brugner,Gabriele,MA,1966,Kommunikationsexpertin,1140,Wien,6,6B
SPÖ,406,Rosenmaier,Alfredo,\N,1950,"Landtagsabgeordneter, Bürgermeister",2490,Ebenfurth,3,\N
SPÖ,407,Preissl,Angelika,Mag.,1990,Lehrerin,3943,Schrems,3,\N
SPÖ,408,Steinberger,Clemens,\N,1976,Angestellter im Außendienst,5620,Schwarzach im Pongau,5,5C
SPÖ,409,Kerber,Andrea,\N,1957,Pensionistin,6600,Reutte,\N,7D
SPÖ,410,Beutel,Fabian,\N,1999,Mechatroniker,2102,Klein-Engersdorf,\N,\N
SPÖ,411,Taurer,Karoline,\N,1965,Angestellte,9814,Mühldorf,2,2C
SPÖ,412,Sacher,Ewald,td td,1949,Pensionist,3500,Krems an der Donau,3,\N
SPÖ,413,Johann,Evelin Pauline,\N,1969,Büroangestellte,9900,Lienz,\N,7E
SPÖ,414,Buggler,Gernot,"Dipl.-Ing. (FH), MA",1981,ÖBB-Kapazitätsmanager,1130,Wien,6,6D
SPÖ,415,Ogris,Anita,\N,1979,Angestellte,9722,Weißenstein,2,2B
SPÖ,416,Göritzer,Reinhard,\N,1988,Gesundheits- und Krankenpfleger,1160,Wien,\N,\N
SPÖ,417,Halper,Martina,"Mag., MSc",1973,Referentin im Regierungsbüro,8582,Rosental an der Kainach,6,6C
SPÖ,418,Binder,Reinhold,\N,1978,Leitender Sekretär Gewerkschaft PRO-GE,4563,Micheldorf in Oberösterreich,4,4D
SPÖ,419,Schmid,Julia,Mag.,1983,Bezirksgeschäftsführerin,6060,Hall in Tirol,\N,7B
SPÖ,420,Schauer,Christian,Dr.,1963,Gynäkologe,8113,Sankt Oswald bei Plankenwarth,6,6A
SPÖ,421,Wesely,Raphaela Manuela,\N,1997,Industriekauffrau,2201,Gerasdorf bei Wien,\N,\N
SPÖ,422,Thoma,Josef Karl,\N,1972,Berufsunteroffizier,3123,Obritzberg-Rust,\N,\N
SPÖ,423,Wolf,Petrissa-Bianca,\N,1994,Bürokauffrau,1100,Wien,\N,\N
SPÖ,424,Artner,Markus,Mag.,1970,AHS-Lehrer,2620,Natschbach-Loipersbach,\N,\N
SPÖ,425,Klengl,Martina,\N,1969,Selbstständige Unternehmerin,2630,Ternitz,\N,\N
SPÖ,426,Ebruster,Kurt,\N,1962,ASKÖ-Landessekretär,2620,Neunkirchen,\N,\N
SPÖ,427,Armagan,Ayse Gül,\N,1974,Angestellte,5020,Salzburg,5,5A
SPÖ,428,Hofer,Erik,\N,1995,Angestellter,2630,Ternitz,\N,\N
SPÖ,429,Arslan,Derya,\N,1979,Interkulturelle Mitarbeiterin NÖ,2632,Wimpassing im Schwarzatale,\N,\N
SPÖ,430,Köllner,Maximilian,BA,1991,Angestellter,7142,Illmitz,\N,1A
SPÖ,431,Poiß,Astrid,\N,1982,Angestellte,3332,Sonntagberg,\N,\N
SPÖ,432,Hagmüller,Patrick,BSc,1991,Softwareentwickler,4300,St. Valentin,\N,\N
SPÖ,433,Linke,Waltraud,\N,1956,Pensionistin,9900,Lienz,\N,7E
SPÖ,434,Buljubasic,Mirza,\N,1990,Angestellter,3354,Wolfsbach,\N,\N
SPÖ,435,Berger-Ratley,Petra,\N,1970,Beamtin,5020,Salzburg,5,5A
SPÖ,436,Steininger,Martin,\N,1996,Elektroenergietechniker,1110,Wien,\N,\N
SPÖ,437,Karlsböck,Susanne,Dr.,1982,Ärztin,5751,Maishofen,5,5C
SPÖ,438,Resch,Reinhard,"Dr., MSc",1955,"Facharzt, Bürgermeister",3500,Krems an der Donau,\N,\N
SPÖ,439,Willinger,Annemarie,\N,1976,Bankangestellte,5431,Kuchl,5,5B
SPÖ,440,Wiesinger,Josef,\N,1961,Lokführer,3571,Gars am Kamp,\N,\N
SPÖ,441,Schager-Wahlhütter,Carmen,\N,1974,"Heim-, Pflegedienstleiterin",5582,St. Michael im Lungau,5,5C
SPÖ,442,Kraus,Herbert,\N,1960,Unternehmer,2331,Vösendorf,\N,\N
SPÖ,443,Günther,Brigitte,"MMag. Dr., Bakk.",1981,Lehrerin,5301,Eugendorf,5,5B
SPÖ,444,Tiefenbacher,Richard Erhard Walter,\N,1998,Bürokaufmann,2103,Langenzersdorf,\N,\N
SPÖ,445,Burger-Rafael,Agate Margarete,Dr.,1950,Wahlärztin,5020,Salzburg,\N,5A
SPÖ,446,Celig,Thomas,\N,1972,Exekutivbeamter,2003,Leitzersdorf,\N,\N
SPÖ,447,Leitner,Evelin Sylvia,\N,1970,Selbstständige Projektleiterin,5322,Hof bei Salzburg,\N,5B
SPÖ,448,Marangoz,Ahmet Zeki,\N,1995,Bürokaufmann,1030,Wien,\N,\N
SPÖ,449,Pirkner,Monika Johanna,\N,1961,Produktionsmitarbeiterin,5580,Tamsweg,\N,5C
SPÖ,450,Rausch,Matthias Peter,BA,1984,Angestellter,1220,Wien,\N,\N
SPÖ,451,Pollak,Martina,\N,1980,AK-Mitarbeiterin,2130,Mistelbach,\N,\N
SPÖ,452,Goldinger,Herbert,\N,1954,Bürgermeister,2024,Mailberg,\N,\N
SPÖ,453,Knott,Renate,\N,1954,Pensionistin,2130,Mistelbach,\N,\N
SPÖ,454,Jungmayer,Georg,\N,1953,Bürgermeister,2062,Seefeld-Kadolz,\N,\N
SPÖ,455,Luxner,Margit Johanna,\N,1970,Pflegeassistentin,6370,Kitzbühel,7,7C
SPÖ,456,Müllauer,Martin,\N,1967,Buchhändler,1230,Wien,\N,\N
SPÖ,457,Brugger,Anneliese,\N,1967,Pädagogin,6280,Zell am Ziller,7,7B
SPÖ,458,Smode,René,Mag. (FH),1977,"Beamter, Bundesheeroffizier",2041,Wullersdorf,\N,\N
SPÖ,459,Bittersam-Horejs,Patricia,MA,1968,Diplomierte Sozialarbeiterin,6341,Ebbs,7,7C
SPÖ,460,Eckhardt,Alexander,\N,1991,Bankangestellter,2020,Hollabrunn,\N,\N
SPÖ,461,Fink,Helga,\N,1959,Hausfrau,6491,Schönwies,7,7D
