Partei,lfdnr,familienname,vorname,titel,Geb.,Beruf,PLZ,ORT,LPL,RPL
FLÖ,1,Rosenkranz,Barbara,\N,1958,Hausfrau,2111,Seebarn,3,3A
FLÖ,2,Schnell,Karl,Dr.,1954,Arzt,5754,Hinterglemm,5,5B
FLÖ,3,Kölly,Manfred,\N,1954,Selbstständig,7301,Deutschkreutz,1,1B
FLÖ,4,Schenk,Martina,\N,1972,Abgeordnete zum Nationalrat,8102,Semriach,6,6A
FLÖ,5,Wechselberger,Alois,MAS,1965,Consultant,6130,Schwaz,7,7B
FLÖ,6,Widmann,Rainer,Mag.,1967,Landesbediensteter,4240,Freistadt,4,4E
FLÖ,7,Bernt,Michael,"Mag., MBA",1963,Verwaltungsjurist,1170,Wien,9,9F
FLÖ,8,Wallner,Hubert,"Dr., MBA",1963,Arzt,5071,Wals,5,5C
FLÖ,9,Bitschnau,Helmut Robert,\N,1980,Polizeibeamter,6773,Vandans,8,8B
FLÖ,10,Lexer,Gerfried,Dr.,1960,Arzt,9020,\N,\N,\N
FLÖ,11,Schütz,Herbert,Dipl.-Ing. Dipl-Ing. Dr.,1973,"Physiker, Unternehmer",7222,Rohrbach,1,1A
FLÖ,12,Pomaroli,Rudolf,Dipl.-Ing.,1945,Wirtschaftsingenieur,6404,Polling,7,7D
FLÖ,13,Zeimke,Thomas,\N,1972,Softwaretechniker,3423,St. Andrä-Wördern,3,3D
FLÖ,14,Zeillinger,Brigitte,\N,1954,Technische Redaktion,5280,Braunau,4,4B
FLÖ,15,Nevlacsil,Anton,Dr.,1942,Pensionist,1110,Wien,9,9D
FLÖ,16,Strauß,Franz,\N,1959,Exekutivbeamter,9872,Millstatt am See,2,2C
FLÖ,17,Wiedner,Manfred,\N,1975,Maurer,8455,Oberhaag,6,6C
FLÖ,18,Lexer,Thomas,\N,1976,Schichtleiter,5710,Kaprun,\N,6B
FLÖ,19,Moser,Johann,\N,1964,Angestellter,6236,Alpbach,7,7C
FLÖ,20,Schenk,Johann,\N,1967,Polizeibeamter,8102,Semriach,6,6A 
FLÖ,21,Radl,Andreas,\N,1968,Schriftsteller,1110,Wien,9,9D
FLÖ,22,Hammerer-Laimer,Judith,\N,1968,Galeristin,5020,Salzburg,5,5A
FLÖ,23,Donninger,Christian,Dr.,1957,Selbstständig,3925,Altmelon,3,3B
FLÖ,24,Fasch,Felix,\N,1976,Polizist,8043,Graz,\N,\N
FLÖ,25,Haberbauer,Sonja,Ing.,1971,Selbstständig,2500,Baden,3,3F 
FLÖ,26,Kuchelbacher,Andreas,Ing.,1979,Unternehmer,7051,Großhöflein,1,1A
FLÖ,27,Schneider,Gerhard,\N,1957,Selbstständig,8280,Fürstenfeld,6,6B
FLÖ,28,Petrak,Mirzeta,\N,1973,Pflegeassistentin,1200,Wien,9,9D
FLÖ,29,Laufer,Ilse,\N,1948,Pensionistin,6974,Gaissau,8,8A
FLÖ,30,Malik,Arno,\N,1961,Lehrer,4623,Gunskirchen,4,4C
FLÖ,31,Lipp,Erich,\N,1983,Berufssoldat,7301,Deutschkreuz,1,1B 
FLÖ,32,Gitschtaler,Friedrich,\N,1952,Pensionist,9232,Rosegg,2,2A
FLÖ,33,Schmid,Gerhard,\N,1948,Bautechniker,5161,Elixhausen,5,5B
FLÖ,34,Doppler,Rupert,\N,1958,Angestellter,5621,St. Veit im Pongau,5,5C
FLÖ,35,Ertl,Johann,\N,1959,Beamter i. R.,2320,Schwechat,3,3G
FLÖ,36,Hagen,Rosa,\N,1939,Hausfrau,6900,Bregenz,8,8B
FLÖ,37,Stöger,Wolfgang,\N,1976,Unternehmer,4060,Leonding,4,4D
FLÖ,38,Stock,Hans-Jörg,\N,1954,Pensionist,6300,Wörgl,7,7C
FLÖ,39,Harrer,Gertrude,\N,1948,Pensionistin,8614,Breitenau,6,6D
FLÖ,40,Ottitzky,Boris,\N,1972,Unternehmer,1220,Wien,9,9C
FLÖ,41,Hager-Weißenböck,Christiane,Mag. (FH),1968,Landesbedienstete,4055,Pucking,4,4A
FLÖ,42,Escher,Werner,\N,1982,Selbstständig,7100,Neusiedl,1,1A
FLÖ,43,Klingler,Maria,\N,1932,Schriftstellerin,6382,Kirchdorf in Tirol,7,7C
FLÖ,44,Kornberger,Hubert,\N,1956,Koch i. R.,9362,Grades,2,2D
FLÖ,45,Reitbauer,Hubert,\N,1956,Buchhändler,4240,Freistadt,4,4E
FLÖ,46,Scharinger,Wolfgang,\N,1959,Vertreter,2020,Hollabrunn,3,3A
FLÖ,47,Pircher,Jörg,Ing.,1954,Elektroingenieur,6176,Völs,7,7A
FLÖ,48,Hagen,Michael Gerhard,\N,1964,LKW-Fahrer,6900,Bregenz,8,8A
FLÖ,49,Daxer,Jasmine,\N,1987,Angestellte,5151,Nußdorf,5,5B 
FLÖ,50,Budil,Matthias,\N,1960,Physiker,1220,Wien,9,9C
FLÖ,51,Rökk,Edith,\N,1957,Selbstständig,1140,Wien,9,9B
FLÖ,52,Prinz,Daniel,\N,1987,Selbstständig,8020,Graz,6,6C
FLÖ,53,Stadlmann,Severin,\N,1987,Arbeiter,5120,St. Pantaleon,4,4B
FLÖ,54,Edinger,Roland,\N,1970,Geschäftsführer,3860,Heidenreichstein,3,3B
FLÖ,55,Ortner-Passegger,Sandra,\N,1975,Angestellte,9900,Lienz,2,2C
FLÖ,56,Strini,Ingrid,\N,1958,Sicherheitskontrollorgan,8073,Feldkirchen bei Graz,6,6A
FLÖ,57,Niederseer,Emanuel,\N,1986,Unternehmer,5730,Mittersill,7,7E
FLÖ,58,Konzett,Reinhard,\N,1971,Polizist,6822,Satteins,8,8B
FLÖ,59,Major,Roswitha,\N,1957,Pensionistin,5585,Unternberg,5,5C
FLÖ,60,Amstler,Gudrun,\N,1963,Buchhalterin,5280,Braunau,4,4C
FLÖ,61,Pregl,Peter,\N,1980,Beamter,7210,Mattersburg,1,1A
FLÖ,62,Hirschlehner,Gerhard,Dr.,1957,Arzt,5440,Golling,3,3G
FLÖ,63,Draxler,Günther,\N,1955,Pensionist,8081,Heiligenkreuz am Waasen,6,6C
FLÖ,64,Eberhard,Johannes,\N,1958,Frisör und Perückenmacher,4030,Linz,4,4A
FLÖ,65,Frieß,Wolfgang,\N,1980,Wachmann,8511,St. Stefan ob Stainz,6,6C
FLÖ,66,Pichler,Peter,\N,1968,Textiltechniker,5700,Zell am See,9,9A
FLÖ,67,Reich,Matthias,\N,1972,Polier,6444,Längenfeld,7,7D
FLÖ,68,Sickl,Nina,\N,1980,Sicherheitskontrollorgan,8010,Graz,6,6A
FLÖ,69,Hagen,Gertrude Margit,\N,1960,Pensionistin,6900,Bregenz,8,8A
FLÖ,70,Postl,Yvonne,\N,1986,Straßenaufsichtsorgan,8010,Graz,6,6A
FLÖ,71,Steiner,Norbert,Mag.,1959,Lehrer,5020,Salzburg,2,\N
FLÖ,72,Wagner,Martha,\N,1948,Pensionistin,1170,Wien,9,9F
FLÖ,73,Entfellner,Kevin,\N,1993,Angestellter,5451,Tenneck,5,\N
FLÖ,74,Wohlmuther,Franz,\N,1957,Polizeibeamer i. R.,8940,Liezen,6,6D
FLÖ,75,Greul,Harald,\N,1972,Technischer Angestellter,4240,Freistadt,4,4E
FLÖ,76,Scherzer,Robert,\N,1947,Beamter,2344,Maria Enzersdorf,3,3F
FLÖ,77,Füreder,Manfred,\N,1971,Betriebsschlosser,5020,Salzburg,\N,6D
FLÖ,78,Kranz,Barbara,\N,1967,Wirtin,6264,Fügenberg,7,7C
FLÖ,79,Hagen,Josef Johann,\N,1938,Pensionist,6900,Bregenz,8,8B
FLÖ,80,Kühn,Christian,\N,1976,Seilbahnbediensteter,5710,Kaprun,5,\N
FLÖ,81,Suschek,Heilfried,\N,1969,Lokführer,8144,Tobelbad,6,6A
FLÖ,82,Hauser,Susanne,\N,1956,Musikpädagogin,5143,Feldkirchen,4,4B
FLÖ,83,Gail,Manfred,\N,1960,Bautechniker,2126,Eggersdorf,3,3A
FLÖ,84,Berka,Wiltrud,\N,1970,Angestellte,5721,Piesendorf,\N,6C
FLÖ,85,Eschenlor,Harald,\N,1968,Buchhändler,2380,Perchtoldsdorf,3,3C
FLÖ,86,Horvath,Peter,\N,1958,Servicemonteur,1160,Wien,9,9E
FLÖ,87,Füreder,Karoline,\N,1971,Kellnerin,5020,Salzburg,5,5A 
FLÖ,88,Koidl,Stefan,\N,1982,Landwirt,6250,Kundl,7,7C
FLÖ,89,Weinzierl,Fabian,\N,1990,Spengler,6973,Höchst,8,8A
FLÖ,90,Adelsberger,Elfriede,\N,1946,Altenpflegerin i. R.,5020,Salzburg,\N,6B
FLÖ,91,Furthner,Hermann,\N,1960,Beamter,5231,Schalchen,4,4B
FLÖ,92,Steinlechner,Martin,"MPA, MBA",1978,Technischer Einkäufer,7435,Unterkohlstätten,1,1B
FLÖ,93,Lenz,Johann,\N,1943,Sachverständiger,5020,Salzburg,\N,5A
FLÖ,94,Vnoucek,Wolfgang,Mag.,1968,Historiker,2492,Eggendorf,3,3E
FLÖ,95,Mitter,Mario,\N,1971,Schlosser,8790,Eisenerz,6,6D
FLÖ,96,Pilinger,Edgar,\N,1968,Gastronom,6020,Innsbruck,7,7A
FLÖ,97,Dowhanytsch,Karin,\N,1954,Hausfrau,5412,Puch,9,9G
FLÖ,98,Hebching,Sabrina,\N,1984,Verkäuferin,6850,Dornbirn,8,8A
FLÖ,99,Sieberer,Alexander,Ing.,1965,Vertriebsingenieur,8160,Gutenberg,6,6B
FLÖ,100,Lohninger,Sandra,\N,1977,Lohnverrechnerin,5671,Bruck an der Großglocknerstraße,4,4D
FLÖ,101,Kerschhofer,Sieglinde,\N,1963,Office Assistant,8225,Rabenwald,6,6B
FLÖ,102,Hofstadler,Klaus,\N,1970,Pensionist,4240,Freistadt,4,4E
FLÖ,103,Brunnsteiner,Harald,\N,1970,Selbstständig,8401,Kalsdorf bei Graz,6,6A
FLÖ,104,Deutschmann,Ingeborg,\N,1961,Diplomierte Krankenschwester,5020,Salzburg,2,2A
FLÖ,105,Hochrainer,Johann,Ing.,1950,Techniker,6170,Zirl,7,7B
FLÖ,106,Leitner,Adolf,\N,1941,Pensionist,8162,Passail,6,6B
FLÖ,107,Winkler,Hermann,Mag.,1957,Beamter i. R.,5020,Salzburg,5,5A
FLÖ,108,Kugler-Pfandlbauer,Waltraud,\N,1957,Bankangestellte,5231,Schalchen,4,4B
FLÖ,109,Doppler,Gerald,\N,1988,Maschinenbautechniker,5621,St. Veit im Pongau,\N,6B
FLÖ,110,Neiser,Michael,\N,1959,Berufsdetektiv,7400,Oberwart,1,1B
FLÖ,111,Meyer,Maria,\N,1954,Pensionistin,5500,Bischofshofen,\N,6D
FLÖ,112,Prantl,Elisa,\N,1991,Bürokauffrau,6450,Sölden,7,7A
FLÖ,113,Furthner,Eva,\N,1960,Buchhalterin,5280,Braunau,4,4B
FLÖ,114,Spöttl,Johann,\N,1961,Selbstständig,5302,Henndorf,5,5B
FLÖ,115,Makowsky-Egger,Cornelia,Mag.,1974,Angestellte,2126,Ladendorf,3,3A
FLÖ,116,Huber,Franz,\N,1971,Bautechniker,5222,Munderfing,4,4C
FLÖ,117,Essl,Josef,\N,1968,Angestellter,5440,Golling,9,9G
FLÖ,118,Prassl,Franz,\N,1949,Friseurmeister,8102,Semriach,6,6A
FLÖ,119,Krisai,Dietmar,\N,1965,Bestatter,5280,Braunau,4,4B
FLÖ,120,Fuchs,Brigitte,\N,1954,Pensionistin,5722,Niedernsill,8,8B
FLÖ,121,Wassermann,Evelyn,\N,1994,Einzelhandelskauffrau,5771,Leogang,\N,5C
FLÖ,122,Praxmarer,Hubert,\N,1941,Kunstschmied-Meister,6444,Längenfeld,7,7D
FLÖ,123,Novotny,Thomas,\N,1967,Krankenpfleger,5412,Puch,9,9D
FLÖ,124,Wandaller,Josef,\N,1977,Kaufmännischer Angestellter,2201,Gerasdorf bei Wien,3,3A
FLÖ,125,Sturm,Alfons,\N,1983,Lohnverrechner,5640,Bad Hofgastein,2,2C
FLÖ,126,Fiegerl,Franz,\N,1990,Fleischfacharbeiter,8383,St. Martin an der Raab,1,1B
FLÖ,127,Baldinger,Konrad Dominik,\N,1948,Künstler,5280,Braunau,9,9E
FLÖ,128,Trausinger,Erika,\N,1955,Angestellte,5280,Grödig,5,5B
FLÖ,129,Leitner,Franziska,\N,1945,Pensionistin,8162,Passail,6,6B
FLÖ,130,Mayer,Bernhard,\N,1984,Klimatechniker,4240,Freistadt,4,4E
FLÖ,131,Koidl,Georg,\N,1952,Sägewerksbesitzer,6250,Kundl,7,7C
FLÖ,132,Tragl,Benjamin,\N,1981,Betriebselektriker,7210,Mattersburg,\N,1A
FLÖ,133,Bichler,Rudolf,\N,1963,Betriebselektriker,4850,Timelkam,4,4C
FLÖ,134,Cernajsek,Tillfried,Dr.,1943,Pensionist,2380,Perchtoldsdorf,3,3F
FLÖ,135,Hölzl,Franz,\N,1960,Pflegehelfer,5621,St. Veit im Pongau,\N,6D
FLÖ,136,Hauer,Uwe,\N,1974,IT-Unternehmer,7210,Mattersburg,1,1B
FLÖ,137,Walzl,Sascha,\N,1988,Krankenpfleger,8543,St. Martin,6,6C
FLÖ,138,Dutka,Peter,\N,1967,Techniker,5084,Großgmain,9,9A
FLÖ,139,Sandbichler,Hildegard,\N,1958,Landwirtin,6215,Achenkirch,7,7B
FLÖ,140,Hotter,Roman,\N,1983,Polizist,5723,Uttendorf,\N,5C
FLÖ,141,Winkler,Josef,\N,1951,Pensionist,2103,Langenzersdorf,3,3A
FLÖ,142,Hingsammer,Fritz,\N,1963,Hafner,4974,Ort im Innkreis,4,4C
FLÖ,143,Rauchenbacher,Maria,\N,1994,Einzelhandelskauffrau,5730,Mittersill,8,8A
FLÖ,144,Picknitter,Angela,\N,1955,Pensionistin,8102,Semriach,6,6A
FLÖ,145,Wagner,Paul,\N,1952,Beamter i. R.,5020,Salzburg,\N,5A
FLÖ,146,Hitzinger,Jürgen,\N,1974,Geschäftsführer,5280,Braunau,4,4B
FLÖ,147,Musil,Werner,\N,1989,Selbstständig,3423,St. Andrä-Wördern,3,3D
FLÖ,148,Leuschen,Anna Maria,\N,1971,Angestellte,7302,Nikitsch,\N,1B
FLÖ,149,Wiedermann,Barbara,\N,1979,Hausfrau,5583,Muhr,2,2B
FLÖ,150,Wachtl,Stephania,\N,1983,Angestellte,8045,Graz,6,6A
FLÖ,151,Kaindl,Maria,\N,1955,Gastwirtin,5440,Golling,\N,5B
FLÖ,152,Anzinger,Manuela,\N,1966,Hausfrau,4240,Freistadt,4,4E
FLÖ,153,Griemann,Ralph,\N,1993,Maschinenbautechniker,7151,Wallern im Burgenland,1,1A
FLÖ,154,Nentwich,Peter,\N,1994,Student,6200,Jenbach,7,7B
FLÖ,155,Reichinger,Robert,\N,1971,Berufsschullehrer,5231,Schalchen,4,4A
FLÖ,156,Rothenwänder,Ernst,\N,1947,Geschäftsführer,5584,Zederhaus,5,5C
FLÖ,157,Lassacher,Josef,\N,1958,Landwirt,5731,Mittersill,8,8B
FLÖ,158,Bichler,Victoria,\N,1986,Journalistin,4850,Timelkam,9,9B
FLÖ,159,Pfandlbauer,Hubert,\N,1994,Student,5231,Schalchen,4,4A
FLÖ,160,Gruber,Herbert,\N,1947,Pensionist,2564,Weissenbach,3,3F
FLÖ,161,Huber,Alexander,\N,1975,Selbstständig,5113,St.Georgen bei Salzburg,4,4A
FLÖ,162,Lohninger,Andreas,\N,1997,Beurfsfotograf,5671,Bruck an der Großglocknerstraße,9,9D
FLÖ,163,Kubala,Prince Paul,\N,1989,Student,1140,Wien,9,9G
FLÖ,164,Meyer,Thomas,\N,1977,Arbeiter,4843,Ampflwang,4,4C
FLÖ,165,Thurner,Kurt,\N,1967,Finanzbeamter,6572,Flirsch,7,7D
FLÖ,166,Kadur,Wolfgang,\N,1946,Pensionist,2105,Oberrohrbach,3,3A
FLÖ,167,Egger,Elfriede,\N,1962,Angestellte,5722,Niedernsill,4,4C
FLÖ,168,Kogler,Juliana,\N,1953,Pensionistin,7023,Pöttelsdorf,1,1A
FLÖ,169,Golser,Theresa,\N,1954,Hausfrau,5440,Golling,9,9B
FLÖ,170,Hofstadler,Marion,\N,1979,Pflegerin,4240,Freistadt,4,4A
FLÖ,171,Hotter,Christine,\N,1979,Reinigungskraft,5724,Stuhlfelden,8,8B
FLÖ,172,Zingerle,Markus,\N,1965,Verwalter,5071,Wals,5,5B
FLÖ,173,Gerhold,Hans Jörg,\N,1964,Industrie-Meister,2340,Mödling,3,3F
FLÖ,174,Gugl,Erich,\N,1946,HS-Lehrer i. R.,5440,Golling,9,9G
FLÖ,175,Stark,Joachim,\N,1966,Polizeibeamter,6822,Schnifis,8,8B
FLÖ,176,Leitner,Daniela,\N,1969,Angestellte,8160,Gutenberg,6,6B
FLÖ,177,Gandler,Johann,\N,1959,Landwirt,5730,Mittersill,\N,5C
FLÖ,178,Stuhr,Michaela,\N,1969,Kaufmännische Angestellte,3422,Altenberg,3,3D
FLÖ,179,Zoubek,Alfred,\N,1946,Chefredakteur i. P.,1180,Wien,9,9F
FLÖ,180,Ortner,Max Norbert,Dipl.-Ing.,1937,Pensionist,5020,Salzburg,2,2A
FLÖ,181,Moser,Martin,\N,1982,Unternehmer,6235,Reith im Alpbachtal,7,7C
FLÖ,182,Göllner,Ludwig,\N,1952,Landwirt,5084,Großgmain,5,5B
FLÖ,183,Holzschuster,Florian,Ing.,1987,Techniker,7435,Unterkohlstätten,1,1B
FLÖ,184,Lindner,Josef,\N,1947,Landwirt,5163,Mattsee,4,4D
FLÖ,185,Schnabl,Rene,\N,1989,KFZ-Techniker,4240,Freistadt,4,4E
FLÖ,186,Holeczy,Werner,Dr.,1952,Allgemeinmediziner,5671,Bruck an der Großglocknerstraße,9,9D
FLÖ,187,Gruber,Renate,\N,1955,Apothekenhelferin i. R.,5621,St. Veit im Pongau,\N,5C
FLÖ,188,Passegger,Elfriede,\N,1950,Pensionist,9907,Tristach,7,7E
FLÖ,189,Daxer,Günther,\N,1965,Handelsangestellter,5151,Nußdorf,4,4D
FLÖ,190,Herbst,Tanja Susanne,\N,1973,Selbstständig,8163,Semriach,6,6A
FLÖ,191,Schmittner,Dietmar,Dr.,1958,Verwaltungsjurist,5020,Salzburg,9,9G
FLÖ,192,Mahr,Maria-Magdalena,\N,1945,Industriekauffrau,2114,Großrussbach,3,3A
FLÖ,193,Berger,Hermann,\N,1957,Berufssoldat,5302,Henndorf,4,4D
FLÖ,194,Wolkerstorfer,Rupert,\N,1953,Religionslehrer a. D.,1140,Wien,9,9E
FLÖ,195,Winter,Heinz,\N,1964,Beamter,5020,Salzburg,\N,5A
FLÖ,196,Marx,Harald,\N,1966,Angestellter,6134,Vomp,7,7A
FLÖ,197,Sitter,Daniel,\N,1981,Student,5020,Salzburg,\N,\N
FLÖ,198,Türk,Walter,Mag. Dr.,1957,Pensionist,2103,Langenzersdorf,3,3A
FLÖ,199,Seidl,Martin Josef,\N,1972,Bauer,5271,Moosbach,4,4B
FLÖ,200,Herzgsell,Elvira,\N,1968,Landesbeamtin,5020,Salzburg,5,5A
FLÖ,201,Freudenthaler,Josef,\N,1962,Fliesenhändler,4240,Freistadt,4,4E
FLÖ,202,Glatz,Gerhard,\N,1959,Controller,6572,Flirsch,7,7D
FLÖ,203,Koruna,Brigitta,\N,1962,Selbstständig,5151,Nußdorf,9,9A
FLÖ,204,Bendl,Heike,\N,1967,Kaufmännische Angestellte,2344,Maria Enzersdorf,3,3F
FLÖ,205,Blattl,Rosemarie,\N,1941,Gastwirtin,5761,Maria Alm,5,\N
FLÖ,206,Reichinger,Kerstin,\N,1997,Software-Entwicklerin,5230,Mattighofen,4,4B
FLÖ,207,Santer,Erwin,\N,1958,Maurer,6433,Oetz,7,7D
FLÖ,208,Schöbinger,Elisabeth,\N,1966,Immobilientreuhänder,2100,Leobendorf,3,3A
FLÖ,209,Günther,Oliver,\N,1985,Einrichtungsberater,5302,Henndorf,\N,5B
FLÖ,210,Rauter,Friedrich,\N,1959,Selbstständig,7223,Sieggraben,1,1A
FLÖ,211,Caspari,Kurt,Mag.,1959,Steuerberater,5771,Leogang,3,3G
FLÖ,212,Mariner,Mario,\N,1975,Schlosser,9972,Virgen,7,7E
FLÖ,213,Gruber,Maria,\N,1964,Sekretärin,5071,Wals,\N,5A
FLÖ,214,Haiderer,Erich,\N,1957,Unternehmer,1190,Wien,9,9G
FLÖ,215,Egger,Herbert,\N,1954,Pensionist,5440,Golling,\N,9B
FLÖ,216,Wassmuth,Alfons,\N,1945,Kameramann,2380,Perchtoldsdorf,4,4D
FLÖ,217,Obrist,Helga,\N,1967,Selbstständig,5700,Zell am See,\N,5C
FLÖ,218,Fellner,Andreas,\N,1972,Informatiker,4962,Mining,4,4B
FLÖ,219,Neuhauser,Martin,\N,1972,Elektroniker,6234,Brandenberg,7,7C
FLÖ,220,Pfandlbauer,Heinz,\N,1952,Kaufmann,5321,Schalchen,4,4B
FLÖ,221,Karner,Roland Martin,\N,1982,Ergotherapeut,5580,Tamsweg,\N,5C
FLÖ,222,Guggenberger,Brigitte,\N,1959,Selbstständig,2351,Wiener Neudorf,3,3F
FLÖ,223,Herzog,Beatrix,\N,1960,Gemeindeangestellte,5731,Hollersbach,\N,6C
FLÖ,224,Kindl,Walter,Ing.,1942,Pensionist,6134,Vomp,7,7B
FLÖ,225,Moser,Marianne,\N,1947,Pensionistin,5301,Eugendorf,\N,5B
FLÖ,226,Deisenhofer,Franz,Ing.,1944,Pensionist,2345,Brunn am Gebirge,3,3F
FLÖ,227,Pauer,Jennifer,\N,1981,Angestellte,7022,Schattendorf,\N,1A
FLÖ,228,Prazeller,Wilhelm,\N,1960,Tapezierer,6233,Kramsach,7,7C
FLÖ,229,Salchegger,Beate,\N,1987,Sekretärin,5622,Goldegg,\N,5C
FLÖ,230,Seidl,Johannes,\N,1985,Zimmerer,5440,Golling,8,8A
FLÖ,231,De Cillia,Ruben,\N,1983,Selbstständig,1220,Wien,3,3F
FLÖ,232,Gutenbrunner,Dietmar,\N,1979,Maler,4240,Freistadt,4,4E
FLÖ,233,Krönauer,Wolfgang,\N,1947,Chefinspektor i. R.,5020,Salzburg,\N,5A
FLÖ,234,Thurner,Manfred,\N,1979,Maschinenbautechniker,5272,Treubach,4,4C
FLÖ,235,Eisner,Otmar,\N,1971,Selbstständig,7012,Zagersdorf,\N,1A
FLÖ,236,König,Robert,\N,1950,Pensionist,2380,Perchtoldsdorf,3,3F
FLÖ,237,Sandri,Hildegard,\N,1949,Beamtin i. R.,5020,Salzburg,\N,5A
FLÖ,238,Holzknecht,Meinhard,\N,1957,Bildhauer,6460,Imst,7,7D
FLÖ,239,Fischbach,Ingrid,\N,1961,Angestellte,7093,Jois,\N,1A
FLÖ,240,Theiss,Werner,\N,1960,Versicherungsmakler,8075,Hart bei Graz,6,6A
FLÖ,241,Daxer,Philipp,\N,1992,Staplerfahrer,5020,Salzburg,\N,5A
FLÖ,242,Hirschlehner,Ingeborg,\N,1934,Penionistin,2410,Hainburg an der Donau,3,3G
FLÖ,243,Steidl,Martina,\N,1979,Energetikerin,5771,Leogang,3,3G
FLÖ,244,Prantl,Klaudia,\N,1968,Hausfrau,6425,Haiming,7,7D
FLÖ,245,Zechmeister,Richard,\N,1988,Koch,5020,Salzburg,\N,5A
FLÖ,246,Hann,Peter,\N,1963,Diplomkrankenpfleger,7203,Wiesen,\N,1A
FLÖ,247,Kessler,Andreas,\N,1986,E-Techniker,5730,Mittersill,2,2D
FLÖ,248,Messner,Christine,\N,1949,Frisörmeisterin i. P.,1140,Wien,9,9E
FLÖ,249,Steiner,Markus,BA MA,1987,Steuerberater-Anwärter,5722,Niedernsill,5,5C 
FLÖ,250,Essl,Lukas,\N,1965,Karosseur,5440,Golling an der Salzach,5,5B
