Partei,lfdnr,familienname,vorname,titel,Geb.,Beruf,PLZ,ORT,LPL,RPL
KPÖ,1,Messner,Štefan Miroslav,Dr.,1948,Textarbeiter,9065,Ebenthal,2,2A
KPÖ,2,Petrik,Flora,\N,1994,Studentin,1040,Wien,9,9B
KPÖ,3,Fuchs,Ulrike,Mag.,1966,Kulturarbeiterin,1120,Wien,9,9D
KPÖ,4,Grünn,Gerlinde,Mag.,1968,Sozialpädagogin,4020,Linz,4,4A
KPÖ,5,Schweiger,Tobias,\N,1990,Student,8010,Graz,\N,9F
KPÖ,6,Steiner,Barbara,Mag.,1984,Angestellte,1090,Wien,\N,9B
KPÖ,7,Amiri,Amir Keivan,\N,1957,Taxiunternehmer,1020,Wien,9,9D
KPÖ,8,Pansy,Sarah,\N,1990,Studentin,8020,Graz,9,9C
KPÖ,9,Stingl,Josef,\N,1960,Koch,6094,Axams,7,7B
KPÖ,10,Svec,Anna,\N,1992,Studentin,1160,Wien,9,\N
KPÖ,11,Birngruber,Florian,\N,1984,Angestellter,1100,Wien,\N,9D
KPÖ,12,Fuchs,Sabine,\N,1960,Historikerin,1080,Wien,9,\N
KPÖ,13,Griesebner,Teresa,\N,1995,Studentin,4020,Linz,4,4A
KPÖ,14,Riess,Erwin,\N,1957,Schriftsteller,1210,Wien,2,2A
KPÖ,15,Shady Sany,Samira,\N,1995,Lehrling,1230,Wien,9,9F
KPÖ,16,Wurzinger,Lukas,\N,1991,Angestellter,1090,Wien,8,8A
KPÖ,17,Frauenlob,Miriam,\N,1998,Studentin,1230,Wien,3,3F
KPÖ,18,Meszlenyi,Josef,\N,1992,Student,7131,Halbturn,1,1A
KPÖ,19,Vorraber,Victoria,\N,1993,Studentin,8010,Graz,6,6B
KPÖ,20,Fleissner,Peter Karl,\N,1944,Universitätsprofessor i. R.,1140,Wien,\N,\N
KPÖ,21,Cem,Safiye,\N,1999,Schülerin,4810,Gmunden,4,4D
KPÖ,22,Gruberbauer,Michael,\N,1983,Journalist,1110,Wien,\N,9D
KPÖ,23,Horner,Eleonora,\N,1999,Studentin,9872,Millstatt,2,2C
KPÖ,24,Glaser,Stefan,\N,1994,Sozialarbeiter,2721,Bad Fischau-Brunn,3,3E
KPÖ,25,Brenner,Eva,Dr.,1953,Regisseurin,1140,Wien,9,\N
KPÖ,26,Eski,Refet,\N,1963,Kinder- und Jugendbetreuer,1070,Wien,\N,\N
KPÖ,27,Kiran,Nadile,\N,1999,Schülerin,5020,Salzburg,5,5A
KPÖ,28,Kaserer,Christian,\N,1991,Angestellter,1230,Wien,5,5C
KPÖ,29,Sprachmann,Julia Elisabeth,\N,1998,Studentin,1040,Wien,7,7B
KPÖ,30,Promitzer,Christian,Dr.,1962,Historiker,8045,Graz,2,2A
KPÖ,31,Schindler,Dagmar,\N,1968,Angestellte,1160,Wien,1,1B
KPÖ,32,Spechtenhauser,Andreas,\N,1968,Metallarbeiter,6900,Bregenz,8,8A
KPÖ,33,Baumgartner,Eva,Mag. (FH),1982,Ärztin,1090,Wien,3,3F
KPÖ,34,Keckeis,Benjamin,\N,1999,Zivildiener,6837,Weiler,8,8B
KPÖ,35,Klaus,Melina,Mag.,1968,Angestellte,1020,Wien,9,\N
KPÖ,36,Bonhardi,Walter Josef,\N,1965,Angestellter,1020,Wien,\N,\N
KPÖ,37,Kain,Katharina,\N,1991,Studentin,4040,Linz,4,4A
KPÖ,38,Reitter,Karl,Dr.,1953,Lektor,1180,Wien,\N,9F
KPÖ,39,König,Judith,\N,1998,Studentin,6921,Kennelbach,8,8B
KPÖ,40,Dankl,Kay-Michael,Mag.,1988,Angestellter,5020,Salzburg,5,5C
KPÖ,41,Glatz,Sarah Tabea,\N,1997,Studentin,7000,Eisenstadt,1,1A
KPÖ,42,Steingress,Gerhard,Dr.,1947,Soziologe,9065,Ebenthal,2,2A
KPÖ,43,Lobnig,Christina,\N,1982,Radiologietechnologin,9020,Klagenfurt,2,2A
KPÖ,44,Lackner,Nikolaus,\N,1976,Koch,3500,Krems,3,3B
KPÖ,45,Krieger-Gubi,Birgit,"Mag.(FH), MSc",1976,Sozialarbeiterin,3500,Krems,3,3B
KPÖ,46,Wolrab,Ernst,\N,1959,Lehrer,1030,Wien,\N,\N
KPÖ,47,Katzer,Hermine,\N,1955,Pensionistin,1020,Wien,9,\N
KPÖ,48,Weihs,Richard,\N,1956,Künstler,1060,Wien,9,9B
KPÖ,49,Weißenborn,Elke,\N,1958,Angestellte,1130,Wien,9,\N
KPÖ,50,Hamann,Nikolaus,\N,1953,Gemeindebediensteter i. R.,2262,Stillfried,3,3G
KPÖ,51,Thu?minger,Rosa,\N,1939,Schriftstellerin,6020,Innsbruck,7,7D
KPÖ,52,Birkner,Martin,\N,1972,Angestellter,7474,Deutsch Schützen,1,1B
KPÖ,53,Eberharter,Janna,\N,1997,Studentin,6261,Straß im Zillertal,7,7B
KPÖ,54,Schukovits,Daniel Josef,\N,1981,Redakteur,1060,Wien,\N,\N
KPÖ,55,Hopfgartner,Eva,\N,1969,Psychotherapeutin,1020,Wien,9,\N
KPÖ,56,Fischer,Michael,\N,1982,Student,1070,Wien,8,8B
KPÖ,57,Hammer,Heidelinde,Mag.,1973,Senior Scientist,1170,Wien,9,\N
KPÖ,58,Sinz,Wolfgang,\N,1986,Einzelhandelskaufmann,6020,Innsbruck,7,7A
KPÖ,59,Ambrosch,Heidemarie,\N,1958,Angestellte,1060,Wien,9,9B
KPÖ,60,Andreu y Casadesus,Marcel,\N,1994,Student,1050,Wien,7,7C
KPÖ,61,Preinsperger,Alexandra,\N,1974,Lehrerin,7100,Neusiedl am See,1,1A
KPÖ,62,Trenker,Siegfried,\N,1967,Angestellter,5020,Salzburg,5,5A
KPÖ,63,Pirker,Bettina,\N,1971,Medien- und Kommunikationswissenschaftlerin,9020,Klagenfurt,2,2C
KPÖ,64,Furtlehner,Leo,\N,1951,Journalist,4040,Linz,4,4E
KPÖ,65,Hartlieb,Jaqueline,\N,1999,Freiwillige Sozialjahr-Arbeiterin,9800,Spittal an der Drau,2,2C
KPÖ,66,Mugrauer,Manfred,\N,1977,Historiker,1090,Wien,9,\N
KPÖ,67,Strauss,Renate,\N,1969,Kanzleileiterin,2401,Fischamend,3,3G
KPÖ,68,Magauer,Raphael,\N,1997,Zivildiener,4020,Linz,4,4E
KPÖ,69,Azimi,Tayeba,\N,1997,Angestellte,1020,Wien,\N,9C
KPÖ,70,Postmann,Peter,\N,1991,IT-Fachmann,1120,Wien,9,\N
KPÖ,71,Lasser,Anna,\N,1978,Keramikerin,4753,Taiskirchen im Innkreis,4,4B
KPÖ,72,Hraby,Bernhard,\N,1994,Student,1210,Wien,\N,9G
KPÖ,73,Wolfgruber,Helga,\N,1948,Psychotherapeutin,1030,Wien,\N,9A
KPÖ,74,Steixner,Roland,MMag.,1979,Linguist,6020,Innbruck,7,7A
KPÖ,75,Maringer,Christiane,\N,1976,Stadträtin,3002,Purkersdorf,3,3D
KPÖ,76,Schmida,Michael,\N,1972,Lehrer,4020,Linz,4,4A
KPÖ,77,Romanes,Tara,\N,1998,Schülerin,6800,Feldkirch,8,8A
KPÖ,78,Diendorfer,Martin,\N,1965,Bürokaufmann,9020,Klagenfurt,2,2A
KPÖ,79,Peuker,Karin,\N,1953,Altenbetreuerin,9521,Treffen,2,2B
KPÖ,80,Petrik,Adam,\N,1999,Schüler,1020,Wien,\N,9F
KPÖ,81,Pastyrik,Gerda,\N,1965,Sozialarbeiterin,6020,Innsbruck,7,7A
KPÖ,82,Hundsbichler,Jakob,\N,1998,Student,1040,Wien,7,7B
KPÖ,83,Friedl,Edith,Mag. Dr.,1951,Architekturhistorikerin,4020,Linz,4,4A
KPÖ,84,Zach,Dietmar,Mag.,1965,Angestellter,1150,Wien,9,9E
KPÖ,85,Eder,Waltraud,Dr.,1961,Angestellte,5020,Salzburg,5,5A
KPÖ,86,Fritz,Martin,\N,1982,Koch,6020,Innsbruck,7,7A
KPÖ,87,Frank,Gabriele,\N,1958,Kindergartenpädagogin,4840,Vöcklabruck,4,4C
KPÖ,88,Larcher,Fabian,\N,1996,Maschinenbautechniker,6706,Bürs,8,8B
KPÖ,89,Lazar,Margarete,\N,1946,Pädagogin,1220,Wien,\N,9G
KPÖ,90,Schinko,Ralf,\N,1991,Student/Angestellter,4020,Linz,4,4D
KPÖ,91,Illetschko,Maria,\N,1963,Pflegeassistentin,6094,Axams,7,7E
KPÖ,92,Kohlberger,Martin,\N,1996,Zivildiener,4800,Attnang-Puchheim,4,4B
KPÖ,93,Zelenka,Leonie,\N,1997,Studentin,4407,Steyr-Gleink,4,4D
KPÖ,94,Gabriel,Rudolf,\N,1968,Arzt,7000,Eisenstadt,1,1A
KPÖ,95,Holzer,Eva,\N,1939,Pensionistin,3160,Traisen,3,3D
KPÖ,96,Tschepp,Frederic,\N,1999,Schüler,5023,Salzburg,5,5A
KPÖ,97,Tamas,Cristina-Annamaria,Dipl.-Ing.,1968,Informatikerin,9020,Klagenfurt,2,2B
KPÖ,98,Abdula,Bekim,\N,1977,Versicherungsfachmann,1230,Wien,\N,\N
KPÖ,99,Roth,Elisa,Mag.,1974,Sozialarbeiterin,4020,Linz,4,4E
KPÖ,100,Rakousky,Manfred,\N,1957,Kulturmanager,1060,Wien,\N,9B
KPÖ,101,Waldhart,Hildegard,\N,1938,Pensionistin,6020,Innbruck,7,7C
KPÖ,102,Dietrich,Stefan Albert,\N,1990,Student,9341,Straßburg,2,2D
KPÖ,103,Benedik,Alexandra,Mag.,1970,Betriebswirtin,2273,Hohenau,3,3G
KPÖ,104,Stecher,Andreas,\N,1989,Montagehilfsarbeiter,1020,Wien,8,8B
KPÖ,105,Kaltenbrunner,Maria,\N,1993,Studentin,3002,Purkersdorf,3,3D
KPÖ,106,Hörl,Thomas Florian,\N,1983,Lehrkraft,6020,Innsbruck,7,7C
KPÖ,107,Empacher,Susanne,\N,1961,Rechtskanzlei-Assistentin,1030,Wien,9,9A
KPÖ,108,Schimon,Gerhard,Ing.,1971,Programmierer,2401,Fischamend,3,3G
KPÖ,109,Maringer,Anna,\N,1994,Studentin,3002,Purkersdorf,3,3D
KPÖ,110,U?uz,Cengiz,\N,1958,Eisenbieger,5020,Salzburg,5,\N
KPÖ,111,Stiefsohn,Waltraud,\N,1958,Berufsschullehrerin,1060,Wien,9,9B
KPÖ,112,Jelinek,Roberta Adina,\N,1998,Studentin,5020,Salzburg,5,5A
KPÖ,113,Koletnik,Christine,\N,1962,Selbstständig,9150,Bleiburg,2,2C
KPÖ,114,Putz,Stephan,\N,1994,Student,5020,Salzburg,5,5A
KPÖ,115,Antlanger,Karin,Mag.,1958,Sozialpädagogin,4040,Linz,4,4E
KPÖ,116,Fuxbauer,Herbert,\N,1950,Pensionist,1080,Wien,9,9B
KPÖ,117,Einspieler,Margaretha,\N,1957,Maschinenschlosserin,9020,Klagenfurt,2,2A
KPÖ,118,Forster,Patrick Jan,\N,1989,IT-Techniker,8010,Graz,\N,\N
KPÖ,119,Gumpenberger,Nora,\N,1984,Erwachsenenbildnerin,4055,Pucking,4,4A
KPÖ,120,Fellinger,Serafin,\N,1995,Student,1060,Wien,9,9B
KPÖ,121,Rausch,Elisabeth,Mag.,1951,Pädagogin,9020,Klagenfurt,2,2A
KPÖ,122,Birkelbach,Felix,"Ing., Dipl.-Ing.",1989,Projektassistent,2630,"Ternitz, Pottschach",3,3E
KPÖ,123,Castro de Koletnik,Osterlin Wanda,\N,1972,Reinigungskraft,9150,Bleiburg,2,2A
KPÖ,124,Lang,David,\N,1983,Arbeiter,5020,Salzburg,5,5B
KPÖ,125,Tohumcu,Gülsehir,\N,1965,Arbeiterin,4030,Linz,4,4A
KPÖ,126,Hopfgartner,Günther,\N,1964,Angestellter,1070,Wien,\N,\N
KPÖ,127,Rinner,Bärbel,BSc,1965,IT-Technikerin,4020,Linz,4,4B
KPÖ,128,Auer,Karl,\N,1962,Speditionskaufmann,5020,Salzburg,5,5A
KPÖ,129,Steiner,Susanne,\N,1961,Angestellte,2294,Marchegg,3,3G
KPÖ,130,Wriessnig,Patrick,\N,1980,Lehrer,9020,Klagenfurt,2,2A
KPÖ,131,Gringinger-Mikesch,Claudia,\N,1971,Kindergartenassistentin,4600,Wels,4,4C
KPÖ,132,Ünal,Hatay,\N,1973,Arbeiter,1150,Wien,9,9E
KPÖ,133,Napetschnig,Isabella,\N,1971,Hausfrau,9155,Neuhaus,2,2D
KPÖ,134,Haslinger,Manfred Arthur,\N,1967,Tischler,4400,Steyr,4,4D
KPÖ,135,Hübner,Irene,Dipl.-Ing.,1972,Architektin,1160,Wien,\N,9F
KPÖ,136,Hammer,Markus-Christian,\N,1966,Musiker,5020,Salzburg,5,5B
KPÖ,137,Wanek,Natascha,\N,1983,Studentin,1110,Wien,9,9D
KPÖ,138,Jonischkeit,Oliver,\N,1965,ÖGB-Sekretär,1110,Wien,7,7E
KPÖ,139,Wieser,Judith,\N,1975,Angestellte,1220,Wien,9,9G
KPÖ,140,Winkler,Valentin,\N,1998,Zivildiener,4171,St. Peter am Wimberg,4,4E
KPÖ,141,Krivec,Brigitta,\N,1949,Technische Zeichnerin,9122,St. Kanzian,2,2D
KPÖ,142,Allinger,Matthias,\N,1987,Student,1120,Wien,3,3B
KPÖ,143,Moser,Lisa-Carina,\N,1986,Lehrerin,1150,Wien,9,9E
KPÖ,144,Kaiser,Patrick,\N,1977,Diplomierter Krankenpfleger,1020,Wien,9,9C
KPÖ,145,Mikesch,Agnes,\N,1953,Fachsozialarbeiterin,4600,Wels,4,4C
KPÖ,146,Stanko,Hanin,\N,1972,Zimmerer,9155,Neuhaus,2,2D
KPÖ,147,Cakmak,Eva,\N,1957,Pensionistin,2345,Brunn am Gebirge,3,3F
KPÖ,148,Linser,Michael,\N,1947,Pensionist,6020,Innsbruck,7,7D
KPÖ,149,Mahringer,Michaela,\N,1997,Studentin,4050,Traun,4,4C
KPÖ,150,Auzinger,Andreas,\N,1996,Betriebslogistikkaufmann,4743,Peterskirchen,4,4B
KPÖ,151,Mende,Bärbel,\N,1943,Journalistin,1030,Wien,9,9A
KPÖ,152,Beneder,Paul,\N,1969,Sozialpädagoge,2103,Langenzersdorf,3,3A
KPÖ,153,Matysek,Inge,\N,1948,Pensionistin,1220,Wien,9,\N
KPÖ,154,Rockenschaub,Alois Ferdinand,\N,1956,Behindertenfachbetreuer,6130,Schwaz,7,7B
KPÖ,155,Kubetschka,Katrin,\N,1976,Buchhändlerin,1020,Wien,9,9C
KPÖ,156,Kepplinger-Prinz,Christoph,Mag.,1981,Deutschtrainer,2136,Laa an der Thaya,3,3A
KPÖ,157,Zach,Jennifer,\N,1986,Grafikerin,1200,Wien,9,9C
KPÖ,158,Frank,Christopher,Mag.,1976,Jurist,4020,Linz,4,4A
KPÖ,159,Krieglsteiner,Claudia,\N,1960,Sozialarbeiterin,1210,Wien,9,9G
KPÖ,160,Rainer,Felix,\N,1999,Schüler,4845,Rutzenmoos,4,4C
KPÖ,161,Breinlinger,Stefanie,"Mag., MA",1985,Sozialarbeiterin,4020,Linz,4,4A
KPÖ,162,Fink,Fritz,Ing.,1941,Techniker,1160,Wien,9,9F
KPÖ,163,Guillermo de Tischler,Maria Alejandrina,\N,1959,Krankenschwester,9141,Eberndorf,2,2D
KPÖ,164,Papirnik,Konstantin,\N,1995,Student,4040,Linz,4,4C
KPÖ,165,Laszlo,Anna,\N,1989,Studentin,1180,Wien,\N,9F
KPÖ,166,Iraschko,Josef,\N,1942,Mieterberater,1020,Wien,9,9C
KPÖ,167,Drescher,Silvia,\N,1977,Leitende Angestellte,3435,Zwentendorf,3,3D
KPÖ,168,Reitbauer,Andreas,Mag.,1962,Psychotherapeut,3121,Karlstetten,3,3D
KPÖ,169,Jelic,Sanja,\N,1973,Freischaffende Künstlerin,1160,Wien,\N,9F
KPÖ,170,Jurjans,Wolf Goetz,\N,1952,Betriebsrat,1150,Wien,9,9A
KPÖ,171,Puder-Wehofer,Karin,\N,1962,Sonderschullehrerin,1220,Wien,\N,9G
KPÖ,172,Riss,Ingram,Dr.,1960,Rechtsanwalt,3002,Purkersdorf,3,3D
KPÖ,173,Grammel,Hildegard,Mag.,1958,Lehrerin,1030,Wien,\N,9A
KPÖ,174,Füssel,Dietmar,\N,1958,Schriftsteller,4910,Ried im Innkreis,4,4B
KPÖ,175,Klaus,Viktoria,\N,1945,Pensionistin,1200,Wien,\N,9C
KPÖ,176,Erhold,David,\N,1996,Student,8045,Graz,\N,\N
KPÖ,177,Hödl,Lena Johanna,\N,1996,Studentin,8047,Graz,\N,\N
KPÖ,178,Schuberth,Paul,\N,1994,Student,4407,Steyr-Gleink,4,4D
KPÖ,179,Buchacher-Kundi,Barbara,\N,1955,Buchhalterin,1040,Wien,3,3E
KPÖ,180,Mahrer,Wolfgang,Mag.,1949,Pensionist,3500,Krems an der Donau,3,3B
KPÖ,181,Oberauer,Christine,\N,1974,Linguistin,6020,Innsbruck,7,7A
KPÖ,182,Heißl,Andreas,\N,1983,Büroangestellter,4020,Linz,4,4A
KPÖ,183,Wiener,Christine,\N,1941,Pensionistin,1120,Wien,\N,9D
KPÖ,184,Steiner,Daniel,\N,1972,Sozialbetreuer,4020,Linz,4,4A
KPÖ,185,Maderbacher,Ilse,Mag.,1947,Pensionistin,1070,Wien,\N,9A
KPÖ,186,Stöckl,Erich,\N,1956,Schriftsetzer,3292,Gaming,3,3C
KPÖ,187,Modjawer,Vera,\N,1950,Pensionistin,1100,Wien,\N,9D
KPÖ,188,Jeschek,Ernst,\N,1965,Angestellter,1160,Wien,9,\N
KPÖ,189,Husar,Margarete,\N,1955,Pensionistin,1200,Wien,\N,9C
KPÖ,190,Lämmerhofer,Martin,\N,1981,Angestellter,1060,Wien,9,\N
KPÖ,191,Höllisch,Martina,\N,1962,Angestellte,1220,Wien,\N,9G
KPÖ,192,Weber,Alexander,\N,1969,Lebensberater,1090,Wien,9,\N
KPÖ,193,Österreicher,Monika,\N,1966,Studentin,1100,Wien,\N,\N
KPÖ,194,Szevera,Walter,Dr.,1965,Angestellter,1200,Wien,9,\N
KPÖ,195,Hobek,Robert,\N,1964,Postzusteller,1230,Wien,9,9E
KPÖ,196,Bruckböck,Barbara,\N,1965,Flüchtlingsbetreuerin,1140,Wien,9,9E
KPÖ,197,Gaishofer,Christian,Ing.,1963,Beamter,2201,Gerasdorf bei Wien,3,3A
KPÖ,198,Schlag,Theresa,\N,1997,Studentin,1150,Wien,\N,9E
KPÖ,199,Baier,Walter,Dr.,1954,Angestellter,1210,Wien,9,\N
KPÖ,200,Wanek,Ilse,\N,1953,Pensionistin,1110,Wien,9,9D
KPÖ,201,Chmielewski,Leszek,\N,1971,Softwaretester,1210,Wien,9,\N
KPÖ,202,Seif,Josefine,\N,1932,Pensionistin,1100,Wien,9,\N
KPÖ,203,Prochaska,Florian,\N,1994,IT-Techniker,2232,Deutsch Wagram,3,3G
KPÖ,204,Jurjans-Gradl,Astrid,\N,1953,Arbeitslos,1150,Wien,9,\N
KPÖ,205,Dimko,David,\N,1999,Vertriebsinnendienst,1100,Wien,\N,9D
KPÖ,206,Boublik,Eveline,\N,1960,Kaufmännische Angestellte,1100,Wien,9,9E
KPÖ,207,Topic,Julian,\N,1998,Schüler,4600,Wels,4,4C
KPÖ,208,Wilczek,Luise,\N,1997,Arbeitslos,1020,Wien,9,\N
KPÖ,209,Meindl,Max,\N,1997,Student,4791,Rainbach im Innkreis,4,4B
KPÖ,210,Hofmann,Renate,\N,1959,Ärzteschreibkraft,4020,Linz,4,4B
KPÖ,211,Kohlberger,Tobias,\N,1996,Student,1150,Wien,4,4C
KPÖ,212,Henhapl,Rosemarie,\N,1942,Pensionistin,2345,Brunn am Gebirge,3,3F
KPÖ,213,Scheiterbauer,Patrick,\N,1995,Verkäufer,4050,Traun,4,4C
KPÖ,214,Edalati Hessari,Mantre,Mag.,1967,Lektorin,1070,Wien,9,9B
KPÖ,215,Bergthaler,Tobias,\N,1995,Konstrukteur,4810,Gmunden,4,4D
KPÖ,216,Fuchs,Marion,Mag.,1962,Soziologin,4020,Linz,4,4E
KPÖ,217,Högelsberger,Georg,\N,1995,Student,1220,Wien,9,9G
KPÖ,218,Lehner,Waltraud,\N,1955,Augustin-Mitarbeiterin,1050,Wien,9,9A
KPÖ,219,Heck,David,\N,1994,Arbeiter,4050,Traun,4,4A
KPÖ,220,Vigl,Magdalena,\N,1991,Sozialarbeiterin,3180,Lilienfeld,3,3D
KPÖ,221,Gaishofer,Bernhard,\N,1993,Buchhändler,1220,Wien,\N,9G
KPÖ,222,Hoffmann,Claudia,\N,1975,Heimhelferin,2325,Himberg,3,3G
KPÖ,223,Gutsch,Roman,\N,1973,Betriebsrat,1230,Wien,9,9E
KPÖ,224,Krpec,Susanne,\N,1947,Pensionistin,1100,Wien,9,\N
KPÖ,225,Maderthaner,Michael,\N,1992,Student,3353,Seitenstetten,3,3C
KPÖ,226,Zauner,Wolfgang,\N,1989,Student,1150,Wien,4,4C
KPÖ,227,Klukas,Anna,\N,1949,Pensionistin,1140,Wien,\N,9E
KPÖ,228,Lehner,Rudolf,\N,1964,Pensionist,1050,Wien,\N,\N
KPÖ,229,Cech,Christine,\N,1957,Pensionistin,1220,Wien,\N,9G
KPÖ,230,Hollogschwandtner,Michael,\N,1986,Freier Dienstnehmer,1030,Wien,9,\N
KPÖ,231,Pointner,Manuela,\N,1965,Diplomierte Sozialarbeiterin,1140,Wien,\N,9F
KPÖ,232,Brunner,Severin,\N,1982,Programmierer,1050,Wien,4,4D
KPÖ,233,Micheller,Monika,\N,1977,Diplomierte Sozialbetreuerin,2620,Neunkirchen,3,3E
KPÖ,234,Tonsern,Clemens,\N,1981,DaF-Lehrer,1100,Wien,\N,9D
KPÖ,235,Pruckmoser,Helga,\N,1952,Pensionistin,2435,Ebergassing,3,3G
KPÖ,236,Tantner,Anton,Dr.,1970,Historiker,1020,Wien,\N,9C
KPÖ,237,Kohen,Maria,\N,1969,Büro-Assistentin,1030,Wien,9,9F
KPÖ,238,Ortner,Michael,\N,1962,Flüchtlingsbetreuer,1020,Wien,\N,\N
KPÖ,239,Koletnik,Maria,\N,1963,Bürokauffrau,9150,Bleiburg,2,2D
KPÖ,240,Ohrhallinger,Stefan,Dr.,1974,Wissenschaftlicher Mitarbeiter,1020,Wien,\N,9C
KPÖ,241,Kainz,Anita,\N,1945,Pensionistin,1120,Wien,\N,9D
KPÖ,242,Leeb,Walther,Mag. Dr.,1952,Rechtsanwalt,1030,Wien,\N,9G
KPÖ,243,Fritz-Klackl,Waltraud,\N,1953,Netzwerkerin,1030,Wien,\N,\N
KPÖ,244,Kerschbaum,Alexander,\N,1993,Kindergartenpädagoge,1030,Wien,1,1A
KPÖ,245,Filip,Irene,\N,1952,Pensionistin,1100,Wien,\N,9B
KPÖ,246,Pecha,Andreas,\N,1955,Erwachsenenbildner,1040,Wien,\N,9A
KPÖ,247,Stadler,Lilian,\N,1947,Pensionistin,1110,Wien,\N,9D
KPÖ,248,Graber,Michael,Mag.,1948,Volkswirt,1100,Wien,\N,\N
KPÖ,249,Piechl,Anna Johanna,\N,1990,Studentin,1020,Wien,\N,9C
KPÖ,250,Höllisch,Johann,Ing.,1954,Angestellter,1220,Wien,9,\N
KPÖ,251,Wöhry,Nina,\N,1994,Studentin,8041,Graz,\N,\N
KPÖ,252,Neuhold,Simon,\N,1998,Zivildiener,1100,Wien,9,9D
KPÖ,253,Kain,Margit,\N,1937,Pensionistin,4040,Linz,4,4D
KPÖ,254,Kaltenegger,Ernest,\N,1949,Pensionist,8043,Graz,\N,\N
